platform,artist,project,songTitle,bpm,key,genre,tags,locationCreated,originalReleaseDate,recordLabel,publisher,license,image,losslessAudio,duration,tokenID
MintSongsV2,Jazii,Vibes,Vibes,NaN,NaN,NaN,[],NaN,NaN,NaN,NaN,NaN,ipfs://QmU4jbXwNrs3DqBfv4rB4X2Vdj38Es6ByxJw1YJwLqf1h7,ipfs://QmVje5LqZpP6nenEXJHh6EgNVV2SM3yHoFHNsFPQdqpybi,238.208957,1
MintSongsV2,Blk Orchid,I'll Go,I'll Go,NaN,NaN,NaN,[],NaN,NaN,NaN,NaN,NaN,ipfs://QmQNocwxT3jDu76DoE2iwxGRn9xSR8Z5zmRC7peWMrN2cB,ipfs://QmWBSjfB1Rym8Ges7cHLrmAnXUK1ax4LQeAGGK65dfmY3x,NaN,2
MintSongsV2,Cristina Spinei,Flowt,Flowt,NaN,NaN,NaN,[],NaN,NaN,NaN,NaN,NaN,ipfs://QmTzDhLdveUPvJQLgWWZy6iG5bm9cRWqW5SU5oLRnTsKrg,ipfs://QmQASC3t7L2iDJJtrJfMiZVtoM27p4yq3uCYjtM79DdkX3,189.001224,3
MintSongsV2,AbJo,"Jam Session, Vol. X (featuring Abraham Joseph & AbJonian Sanders)","Jam Session, Vol. X (featuring Abraham Joseph & AbJonian Sanders)",NaN,NaN,NaN,[],NaN,NaN,NaN,NaN,NaN,ipfs://QmYoBmG8xgviXki61uExfEvNLAT6xPa2kL7j11BM9dXnhT,ipfs://QmfFLxSB3oioWfMiv2b4eTv2kYZdjGcr3CnWWuZXGFdpoA,209.108912,4
MintSongsV2,msft,Move,Move,NaN,NaN,NaN,[],NaN,NaN,NaN,NaN,NaN,ipfs://QmPZog4rzNntWeuW9XcBxj4RZA2F7EKpYNf7WnN9Z1tam9,ipfs://QmaokWrnGVMLX1W1EHP6ZktV7fUHmV1DKGCNtpkR44rQ3V,192,5
MintSongsV2,msft,Move,Move,NaN,NaN,NaN,[],NaN,NaN,NaN,NaN,NaN,ipfs://QmPZog4rzNntWeuW9XcBxj4RZA2F7EKpYNf7WnN9Z1tam9,ipfs://QmaokWrnGVMLX1W1EHP6ZktV7fUHmV1DKGCNtpkR44rQ3V,192,6
MintSongsV2,WYMN,Driving,Driving,NaN,NaN,NaN,[],NaN,NaN,NaN,NaN,NaN,ipfs://QmPdcb6jx6idjT39jsRXroMzYMtgujUC1UxSVtFsWbpsfy,ipfs://QmdaDNqZqA3KZNxsMtAah8SkE3xJxULU5RiFZqKUU7xYG7,214.085624,7
MintSongsV2,Amanda Frances,say that,say that,NaN,NaN,NaN,[],NaN,NaN,NaN,NaN,NaN,ipfs://QmeodLxQDZvYyZXoNygMucAhatZSSmX4fijju3kL2JPSqH,ipfs://QmSMvtWbSGuVmebJmbq4K3CJFBFivfAoqESLkC3dBgMFpN,157.287619,8
MintSongsV2,Cam Murdoch,Take My Phone,Take My Phone,NaN,NaN,NaN,[],NaN,NaN,NaN,NaN,NaN,ipfs://QmWc2x8HPSB9mwP6Qby1t7N8JLBDTGSBDyrd6Jx4Tkt8Ew,ipfs://QmXwCrn46BcCgkTwbzMNWdAjLSrnaybCvVhwmJQrnMHWN4,219.5,9
MintSongsV2,FRQ NCY,F U N,F U N,NaN,NaN,NaN,[],NaN,NaN,NaN,NaN,NaN,ipfs://QmSYH31XdncsjEeaf95We7NJZ6Z26F8Qpnfm8fZcYZ6Uh9,ipfs://QmQEYxtByGwCUZYpnX9bzSfV9s6iPhFJvRhF76ymWAugP4,220.68966,10
MintSongsV2,Mad Keys,Adjustments,Adjustments,NaN,NaN,NaN,[],NaN,NaN,NaN,NaN,NaN,ipfs://QmWDJ2JzmZYc8sjpg1jikwecg7AXdYHMmYmBcEjpY3agYN,ipfs://QmRTPUrm4azt7rGPq41UgRzVoP2qCmJwYHAL9emdNgtvm9,168,11
MintSongsV2,BXB LOVE,matrix,matrix,NaN,NaN,NaN,[],NaN,NaN,NaN,NaN,NaN,ipfs://QmSnegLkXtZHvvHqbdgJ2iSdEFjifRR7b9BdhAyELqceyh,ipfs://QmWzx1bBqqRMskFwvS7zvKFbPZnJnmXXF1Bhq7ZTEWjtib,187.895873,12
MintSongsV2,Pip,Elvis Presley (feat. Niftysax),Elvis Presley (feat. Niftysax),NaN,NaN,NaN,[],NaN,NaN,NaN,NaN,NaN,ipfs://QmTnWVsxzhZHXBwXKYWzRpHJb5CY5EaBopMbTETU34T7YC,ipfs://QmXAHmoRNM5QMk265w3K93QpZYH5dTH5CLvMVcxpjVPDGG,182.08,14
MintSongsV2,Deerock,Dazed & Confused,Dazed & Confused,NaN,NaN,NaN,[],NaN,NaN,NaN,NaN,NaN,ipfs://QmRMPCmmxfPAF71k5cHBfASC3JveLLLt9AVRqYcx53ss6D,ipfs://QmcsHdpjVqVWjEw3HU4rHhqYvVWgbWupcx84F5ARBz3gSv,155.876281,15
MintSongsV2,Kabuki,Downstream,Downstream,NaN,NaN,NaN,[],NaN,NaN,NaN,NaN,NaN,ipfs://QmaMvSCeg8XxwrQf7qePHqwFZcfeJ8uxuYTbZxbM4PkKut,ipfs://QmQy3ctAdmLAHvsQfjGvCX5FeKdypLJRWzdUBXbum9W9yU,198,16
MintSongsV2,Sabriel,Yellow ,Yellow ,NaN,NaN,NaN,[],NaN,NaN,NaN,NaN,NaN,ipfs://QmTDTFLYaqHqzUaqhiSCcoo5WKs6npSABk2Myb2gYaGAan,ipfs://QmPZ8KcQ1YXgRCto7Nb7MifP5RW9sFtEWgDt3MBtRm8rwS,175.608095,17
MintSongsV2,Three Oscillators,Nocturnal Monsters,Nocturnal Monsters,NaN,NaN,NaN,[],NaN,NaN,NaN,NaN,NaN,ipfs://QmcH4KwEj5zyeiqM7A9EdRWQiaaV7ZZbBAE34eoXLgEcG2,ipfs://QmeoG1sdNiqqUvtNVGSRPKim3DmSM1te89bvS8mpekjoG7,364.941179,18
MintSongsV2,Maviii,Say It ,Say It ,NaN,NaN,NaN,[],NaN,NaN,NaN,NaN,NaN,ipfs://QmUFsJXKcC16wwJJLpwPxfi3UMQhgRK4L1qEv5UWLskAVQ,ipfs://QmW4vBFyTVXGBNVoFpLqXT6GqGX327KCXCmAXf4w9WGYVk,141.090907,19
MintSongsV2,X&ND,Can You Let Me In? (feat. Melodie Wagner),Can You Let Me In? (feat. Melodie Wagner),NaN,NaN,NaN,[],NaN,NaN,NaN,NaN,NaN,ipfs://QmZfZBPCt9fgXJzGz9aeAeUrnVsjJrQ5NHK2LzafHDTEVi,ipfs://Qmbm6ymVgFPnusJP8ttuZHz2zdwaSdYSSLk7wuF1RLxP7p,185.042521,20
MintSongsV2,TAROT,Telephone,Telephone,NaN,NaN,NaN,[],NaN,NaN,NaN,NaN,NaN,ipfs://QmWW42xz47iy79oNAQKfeNmJzazxG46e1W8pdcDAqmuWkU,ipfs://QmVVYwAZnrqoVJExkrGjE3tnqNEbPa9tS7LP2RN6h5dsWA,146.306667,21
MintSongsV2,Sound of Fractures,Dream,Dream,NaN,NaN,NaN,[],NaN,NaN,NaN,NaN,NaN,ipfs://QmUPJSTCujuvka2VpdixitzYrGzBaB3JcCSh3mhTWT4MMA,ipfs://QmeCwLhnUhvfXjTYdcqxYqQLTk3ymF2UQpkZyosDhcCVR7,376.5,22
MintSongsV2,Omotayo,Feeling Free,Feeling Free,NaN,NaN,NaN,[],NaN,NaN,NaN,NaN,NaN,ipfs://QmcYxmJQLWzp79yejSG42V5greWGLcugv3wgadiyzNh8bK,ipfs://QmaxxxQyb87FLcz2CGdDuSRJ6sCizxkswk7KLbquAxwKL5,263.000771,23
MintSongsV2,BRUX,badboi EP minimix,badboi EP minimix,NaN,NaN,NaN,[],NaN,NaN,NaN,NaN,NaN,ipfs://QmSFuS4zzmMuj4SXFUbGDipFCQVZnVkGfefgAHS1cSZUcp,ipfs://QmUSVtVTGaJMRtLcddxoe5vuVmzmd8pD7aGBPayqch85WH,265.888958,24
MintSongsV2,Erin//Ivey,Where Have You Been All My Life,Where Have You Been All My Life,NaN,NaN,NaN,[],NaN,NaN,NaN,NaN,NaN,ipfs://QmSd2Mi1wYmpajV95VWpjK4vNBt65HDfev2CoYb2TRVwHj,ipfs://QmeVEfduW7RGvSwSkGsHR3YberZqJLXBQqshFuYnCgMxTQ,276.773333,25
MintSongsV2,Sammy Arriaga,Chevy Belair,Chevy Belair,NaN,NaN,NaN,[],NaN,NaN,NaN,NaN,NaN,ipfs://QmbdFxnhy29h9sttA4mbNad3BxL1kpi6SbSydrETuzaSiV,ipfs://QmYkDN5yvQpThpkWWMcM4fX4ed1ZzqsyeCd3KuCgWs5ksG,177.5,26
MintSongsV2,Beats Antique,Wish,Wish,NaN,NaN,NaN,[],NaN,NaN,NaN,NaN,NaN,ipfs://QmcwAEnzDHigTvH67oAZGtRBmH6ug9P6Y3NRUPcYUDj4Gw,ipfs://QmSzsuMJXdUroibPCpZeJwmQ7w4tkuqt9dYtKpR2ELwNZ6,203.076729,27
MintSongsV2,Ch√≠c Bangs,Focus,Focus,NaN,NaN,NaN,[],NaN,NaN,NaN,NaN,NaN,ipfs://QmUFzeXdeRYzPAgxcFDMkNH3pFj2Jvn65RYowpVbjw9cDi,ipfs://QmXb5uEsbKX2j2t7oS2Wi5W4mMpiJBbFye6qoVui5zrdAR,102.580658,28
MintSongsV2,Boy Untitled,Skin (Remastered),Skin (Remastered),NaN,NaN,NaN,[],NaN,NaN,NaN,NaN,NaN,ipfs://QmSfNWHHYcREYZCDHdnrCfSBFL7LSXUpqrP8Dec54VBPsT,ipfs://QmctgKnPdVpT21zea5LxhgLg3tyg96szoFYiVH1szY1VXP,203.656771,29
MintSongsV2,CRFT,Summer Rain,Summer Rain,NaN,NaN,NaN,[],NaN,NaN,NaN,NaN,NaN,ipfs://QmNXxrSVcyqAiNqS2CsbJMDzM5J7Bnruw44JfHR2uVyVcf,ipfs://QmVv5EmboGvzT6ayWFicoG6PfKvCWXUNXVmteX3ZRtWH8F,186.94737,30
MintSongsV2,AYOTEMI,No Quarrels ,No Quarrels ,NaN,NaN,NaN,[],NaN,NaN,NaN,NaN,NaN,ipfs://QmXzqfoSNPdyhfbTHuwDEfEDC5QPv12Ku8a8sse4FmXGY9,ipfs://Qmadj7KRjUFTTE3VsWG1MHv1P2YiAdvNBjCrwbCsuXVwsG,160,31
MintSongsV2,Joey Burbach,If I Have To Ask,If I Have To Ask,NaN,NaN,NaN,[],NaN,NaN,NaN,NaN,NaN,ipfs://QmPMF6tMS8yAFjXhQ9DApet5ugeMsd6DC81qDhkxpF5aG2,ipfs://QmPdYmf9N1M7C97yx1vA43veZZeJwBgq3uRE2oqkPuPHA4,234.782608,32
MintSongsV2,Switzon,"""THAT SWEET SPOT""","""THAT SWEET SPOT""",NaN,NaN,NaN,[],NaN,NaN,NaN,NaN,NaN,ipfs://QmZZkLpgbLAqDshdP1bqwDFXUbZFcz8a5r8beS5UziAiWf,ipfs://Qma2kG6dS6R5j3GYK386CkmkJssGSpGTm7SjjoTtVM54Vy,201.818186,33
MintSongsV2,Fei-Fei,MY BODY IS GOD ON ACID,MY BODY IS GOD ON ACID,NaN,NaN,NaN,[],NaN,NaN,NaN,NaN,NaN,ipfs://QmX8zSU3s6eBpdgyzKCN5ELhVbjKozAwnsFddBx6wHWsQK,ipfs://Qmf2z6LmTJv1wsVnRYuhF6a1a6ZqJtGHnrzZfzFrePuesD,369.423288,34
MintSongsV2,Kaitlyn Raitz,OTTO,OTTO,NaN,NaN,NaN,[],NaN,NaN,NaN,NaN,NaN,ipfs://QmPEpvQgKMGwXk9DzDNTm3DGbMmgmwNbjRPEG9jrMNAyc9,ipfs://QmWNGNAzu4KhTv9KmUjouXXupcVBHxM1WPWqffsTPZZ37B,274.647891,35
MintSongsV2,Black Dave,Want My Head,Want My Head,NaN,NaN,NaN,[],NaN,NaN,NaN,NaN,NaN,ipfs://QmUyGkWXUzi8MA2UwwXqQf2ienyoURM4wEYAG73KEdEjpH,ipfs://QmVXnpy8TWt4cX9xyq5jWdJtvxuTaFFvQxCKtcNvk18uab,285,36
MintSongsV2,handsome grandson,wtfid,wtfid,NaN,NaN,NaN,[],NaN,NaN,NaN,NaN,NaN,ipfs://QmTMCcVWVaFZ66ydeLydyHHgQjE5a4LFYYnn8gxvdGhivu,ipfs://QmXWpDXrLnRjm7J8SCKx3YA5eiFZANUMVmjVWVq87VCMyz,236.57322,37
MintSongsV2,Carissa Visionary!,Prayed For (ft. Yogee.),Prayed For (ft. Yogee.),NaN,NaN,NaN,[],NaN,NaN,NaN,NaN,NaN,ipfs://QmbcvVcBLBC4Kb5rJCzpQN5ZW6B6dRMDRKrE171RqR5s9k,ipfs://QmNm54fHyBvaXS7QhUmv2ZeTtQTFV2MUXmNbqUYDRd4YXp,259.5,38
MintSongsV2,Kacy Hill,"Simple, Sweet, and Smiling","Simple, Sweet, and Smiling",NaN,NaN,NaN,[],NaN,NaN,NaN,NaN,NaN,ipfs://QmcXj5mzZpVyo7cqKg5c1HVNtuC6iv8E1ipNG1UHge1QTU,ipfs://QmdU553Pk64NXVdnVnxFJ9yg79pCAFuE4vtYsbjnBrDshs,246.973333,39
MintSongsV2,Jamee Cornelia,No Guidance,No Guidance,NaN,NaN,NaN,[],NaN,NaN,NaN,NaN,NaN,ipfs://QmZnGujfn1TSCGXdF4v2Ma1nrFKRGodCcAQabPBeqXep7A,ipfs://QmcVwf8f1RB8ZQune25DweyQKWXeQK9KLCijWyX9u63zTR,247.719184,40
MintSongsV2,Rime,talk with your hands üëêüèΩ (ft. Kaysha),talk with your hands üëêüèΩ (ft. Kaysha),NaN,NaN,NaN,[],NaN,NaN,NaN,NaN,NaN,ipfs://Qmd1J62AXJoMw5avgmpYZkgDVQ2yev9yqbw4orWbGYyUt6,ipfs://QmVitmKdDjSMyyyTVuf7ZfWWz3haXCJwuHt3WvzmKCDgHA,168,41
MintSongsV2,YahZarah,HOUR GLASS FEAT: MI7,HOUR GLASS FEAT: MI7,NaN,NaN,NaN,[],NaN,NaN,NaN,NaN,NaN,ipfs://Qmb3UggZcFKQWXht2mjG473HF1K7whyY2tGPbXX9o1YhkW,ipfs://QmcN9uDgQqVNC9Znt3AtCmEtXw3DhDZoTC5cxMEp5FNA8t,178.3262585,42
MintSongsV2,Kasbeel,Don Jose,Don Jose,NaN,NaN,NaN,[],NaN,NaN,NaN,NaN,NaN,ipfs://QmQEa9g2tsmowtCGwENmZse5Bwth7ZH91bTrcnbMdd8VsW,ipfs://QmYeWpAPBCpqfwEC66VB4una92Vah3zg5z7vj7Sh1EEPhB,166,43
MintSongsV2,HOUNDTRACK,Last Chance At Life,Last Chance At Life,NaN,NaN,NaN,[],NaN,NaN,NaN,NaN,NaN,ipfs://QmTbZrFC21zBHewfBqgcgaXYYM8cQ6n7RaFqxM9Eigk7gV,ipfs://QmcJkRskuLmav9ks5s3ECNhcEKseK84MB4REPXkKEJrB9k,176.445442,44
MintSongsV2,Gramatik,Chillaxin' By The Sea,Chillaxin' By The Sea,NaN,NaN,NaN,[],NaN,NaN,NaN,NaN,NaN,ipfs://QmWEDxggMwAuZTn8gbXyB5jYR5FnXJzB7cywfQtupXeMwW,ipfs://QmSHe2dR4JKBft85XnSdjWr58jnHqMpuWkToXGTszjUrwH,240.625011,45
MintSongsV2,TRACE,Really Lovers,Really Lovers,NaN,NaN,NaN,[],NaN,NaN,NaN,NaN,NaN,ipfs://QmWEHxisCYT6o1vvybN5MDb2ZFywieLZtFECkX9EnhLx4k,ipfs://QmXJ34JPdnkrc8a3mAxjw2wqWXmpTpi24jSffPWPZvHewt,171.582449,46
MintSongsV2,Harris Cole,..loading_input (w/ allem iversom),..loading_input (w/ allem iversom),NaN,NaN,NaN,[],NaN,NaN,NaN,NaN,NaN,ipfs://QmPKUXGYNvopz2MUgjZRp2E4VUMzMxSbQW58DkbbzmgWA5,ipfs://QmVsaPYvLPZJMJ81MgDbEekpDShwFnmRqWKduzn3xMgNht,244.363673,47
MintSongsV2,Mike Daley,Fontainebleau (feat. Mike Jay),Fontainebleau (feat. Mike Jay),NaN,NaN,NaN,[],NaN,NaN,NaN,NaN,NaN,ipfs://QmfAZqKuYmCjo1AHDv6R6VZ6hMj6omTZtTZLYEgPYxRhUk,ipfs://QmdH5h4gPYCveZRUsR5GjZ9wHvGd2uRxJ6A7UYgA3Gq1Uo,154.434771,48
MintSongsV2,Anna Luther,Pins and Needles,Pins and Needles,NaN,NaN,NaN,[],NaN,NaN,NaN,NaN,NaN,ipfs://QmSw9jwXr6WYePLLVVPnqhLAzKEgUGjGPFSBcdqxMRSqxF,ipfs://QmdTNfe6CM9KGzgmMpDsENp4VdR8A2LcWLVm7QihVQRDA2,233.933333,49
MintSongsV2,Pauline Herr,NEW WORLD,NEW WORLD,NaN,NaN,NaN,[],NaN,NaN,NaN,NaN,NaN,ipfs://QmUYxWYGCNLHD2vhPhBse3viZcaDrhaTSTGfY5bVhj5BXx,ipfs://Qmc9ymt7MoYeCiLmYE8N3Eu2z1jbbG6EFobtv8ceKJFPu4,224.571429,50
MintSongsV2,Xcelencia,Como Tu Lo Quieres,Como Tu Lo Quieres,NaN,NaN,NaN,[],NaN,NaN,NaN,NaN,NaN,ipfs://QmcZErRvrySc7874SaW5Puu77YG4X4NTewswchwMmDMt13,ipfs://QmYZLHxMop4EByLFBwJ4FQ1cHAT8a573BbvpKsARbzF9G5,160.139796,51
MintSongsV2,Domino,Creatures (Prod. DJ Burn One),Creatures (Prod. DJ Burn One),NaN,NaN,NaN,[],NaN,NaN,NaN,NaN,NaN,ipfs://QmXQnRr5aADxFNeRCP4W5qE3Fmoav8R3kXEbST7KX6K9b3,ipfs://QmeLbpXQ89Adeimrf434sdahdRETU5KJGp7rovVL96D1ub,181.4912,52
MintSongsV2,Fifi Rong,Other Side,Other Side,NaN,NaN,NaN,[],NaN,NaN,NaN,NaN,NaN,ipfs://QmW52thxoz32aR5eoKoDWbjcudwjtmmP4c7ViekN5JX8wF,ipfs://QmZDX3eGkP8AjvgH6C31xCo2cdBfuHuxXQLsttEWf6J2wQ,202.285714,53
MintSongsV2,Grace Weber,gm! (what's good),gm! (what's good),NaN,NaN,NaN,[],NaN,NaN,NaN,NaN,NaN,ipfs://QmQaPDnvpTJx8rsHkZwgpeUUE66JJCe3VWYWpqJxrbb1t7,ipfs://Qmej7sKhHqX7LzJ49WKTE9DWGj2zK61THw7gu1MQfcJg5p,151.869524,54
MintSongsV2,SAGRADO,EL CAPIT√ÅN,EL CAPIT√ÅN,NaN,NaN,NaN,[],NaN,NaN,NaN,NaN,NaN,ipfs://QmbwU61KaRy3rawf1PpU3MXK7bbib7eWjs9Z3b1ehd7QtN,ipfs://QmeaH8Kj5FsTrkb8KT2p3x2AG1D9HjGWns5iCmV2VUPVR5,186.666667,55
MintSongsV2,Mark Johns,I Like That (Prod. AObeats and me !!!),I Like That (Prod. AObeats and me !!!),NaN,NaN,NaN,[],NaN,NaN,NaN,NaN,NaN,ipfs://QmPwPJB4vwRphWTtTnwu67gQqCUPyuQRRq8HStEoRuU8Tv,ipfs://Qmb6ewGddqPUcND5CxiVnFcg2fxNrPnKzebLmrbeBP6Ezo,159.059592,56
MintSongsV2,Pat Dimitri,This is Fine,This is Fine,NaN,NaN,NaN,[],NaN,NaN,NaN,NaN,NaN,ipfs://QmV9vqsS2ZBqpQ3ZdSN1xqTF4F1bpRGqjNACiMbnMdXf13,ipfs://QmUCCoda7nzFANjEopXU9S4Cz4sbuemHqZUFL4x2DEfNbC,215.4339,57
MintSongsV2,Alex Purdy,Do It Again,Do It Again,NaN,NaN,NaN,[],NaN,NaN,NaN,NaN,NaN,ipfs://QmYCysjqvru2kg8KZoopSzbodLeCqZdujrM9ZiJV3QkBCA,ipfs://QmciLHHjj61hn7hbPCTC3styia8PexjscDcJcixBQYXbVe,122.156803,58
MintSongsV2,Heybela,ALEJANDRA,ALEJANDRA,NaN,NaN,NaN,[],NaN,NaN,NaN,NaN,NaN,ipfs://QmXSo9VX4yJcbv3Sqt442eeMPpcGjXCbc94SrAvKnFHAsj,ipfs://QmQg11x5586tcEcpqKuADZuA43kJCnKM18TxxCGcSAw5t4,185.088,59
MintSongsV2,Lackhoney,Weeknights,Weeknights,NaN,NaN,NaN,[],NaN,NaN,NaN,NaN,NaN,ipfs://QmaZhbW9CSAJFxzBNJxZCrG1CQkRTrMyfxoWwro4qNY4y7,ipfs://QmVJbN9Uo23umpdRkn7y2VoA6SnjDHQ79bNLYiD69FZZe4,30,60
MintSongsV2,NVDES,Anti Cigarettes Love,Anti Cigarettes Love,NaN,NaN,NaN,[],NaN,NaN,NaN,NaN,NaN,ipfs://QmXFW6S4KD7bdxSWt5XmTfafb3JmDfYeKgPqV3YLd6zGKM,ipfs://QmPWCSkjkjZGtWRckCa8kBCN52mfNp7EjBhR5SwvKEB9nB,164.688292,61
MintSongsV2,Stockz,NEXT TIME YOU FIND ME,NEXT TIME YOU FIND ME,NaN,NaN,NaN,[],NaN,NaN,NaN,NaN,NaN,ipfs://QmSmcu2ZUszjhTzLgrQ7BtA13YWApFVXMC2a4L6Yue9izC,ipfs://QmfQx1aprytKdpxKzTVyL8LwHKs8GCb6TJuiE9wUJuw9bs,85.392,62
MintSongsV2,Justin Starling,Fed Up,Fed Up,NaN,NaN,NaN,[],NaN,NaN,NaN,NaN,NaN,ipfs://QmUT2hZ4WuDyVS4MyPyb7UWbM6zLK94t3eL4RuNmMR1M9G,ipfs://QmRwyWJ7VgFsxwWYiRJioY6G4iBPmwAuzPZwy7KQssBMyL,192.384376,63
MintSongsV2,Alexander Lewis,Soar,Soar,NaN,NaN,NaN,[],NaN,NaN,NaN,NaN,NaN,ipfs://QmSs22Y3QFS5nZwFjF5otPeXZGSy7zvGZE67ADZX52Etf9,ipfs://QmeNr5Go1b4G49p7YT8g6VN93qPfAmqi27Fc3QqgBFHUuD,260.845669,64
MintSongsV2,Alexander Lewis,Win the War,Win the War,NaN,NaN,NaN,[],NaN,NaN,NaN,NaN,NaN,ipfs://QmejMHM52EfoCNHM5i45gQfcv7raba7CCiKNvbbQbNPAFq,ipfs://QmVAsBQCjpZwPsjUVea8VcBMA3kZe8JqBtoqRFAJhqTERb,234.552902,65
MintSongsV2,Alexander Lewis,Left U On Red,Left U On Red,NaN,NaN,NaN,[],NaN,NaN,NaN,NaN,NaN,ipfs://QmaQbV6pNcT6zf9X7iFzMS87yj1nAcFRWCCFKwmtkB5cic,ipfs://QmdBR7p4WoKaFhZyaf7qrcpwiz1MPvwRXKGcxf9LYLLCkj,163.137234,66
MintSongsV2,Mark de Clive-Lowe,Orbits,Orbits,NaN,NaN,NaN,[],NaN,NaN,NaN,NaN,NaN,ipfs://QmSt5GUt7gKwkxxdgS7hDedTkvvS3xL58q9J4wnSs6xWdG,ipfs://QmfAQmA4xBtuoDUcyQDcjFanNCBvd8RGVuf1gyP2e9KVj3,244,67
MintSongsV2,TiKA,OHMYGOD FT. CLAIRMONT THE SECOND,OHMYGOD FT. CLAIRMONT THE SECOND,NaN,NaN,NaN,[],NaN,NaN,NaN,NaN,NaN,ipfs://QmdpDkTWQptMjUc3g5thMf6ntWn4b9AqdibESYxW8kZ3HB,ipfs://QmVAEY84C1b6yDFSheWPhHgBC69jJAw3T8EV9bicTCNEHE,243.640544,68
MintSongsV2,Lalin St Juste,scar,scar,NaN,NaN,NaN,[],NaN,NaN,NaN,NaN,NaN,ipfs://QmczcPfQMwmqSru5FfSWDDHDE21KMYM4J7Z7S2jM5aJG6S,ipfs://QmdB6hSSyW9MZdx9tgj76PZSPsNXPYRVAhChZXrDJrqHKm,219.574667,69
MintSongsV2,Jadyn Violet,Sugar Sweet Girl,Sugar Sweet Girl,NaN,NaN,NaN,[],NaN,NaN,NaN,NaN,NaN,ipfs://QmZuSeEZxdtrdCMisjs3m23WAZvu2hy2F1zaP4XtgdtBR2,ipfs://QmbpbUJZdb5WUqZQR4uiZczDLTv6ZnyyHBL96F98MCV82r,154.666667,70
MintSongsV2,SassyBlack,Black Excellence,Black Excellence,NaN,NaN,NaN,[],NaN,NaN,NaN,NaN,NaN,ipfs://Qmb3qgeisMWir58NvonfSDq9ku2WF47qmSofMytaZNSuZR,ipfs://QmZwYPUV3nMrd4Ph2SX5yFoG7UfRk7w9DfHSni25ZbsW8g,259.239977,71
MintSongsV2,Muzzy Bearr,Do For Me,Do For Me,NaN,NaN,NaN,[],NaN,NaN,NaN,NaN,NaN,ipfs://QmRw4v3PKq56QfgxbqJbvUKoJiA3moKSx8g1f73KKUagAb,ipfs://QmUGmxRJmzAN1ytTt3rGiKbi8Yav6JymB22wwRjCjqA58m,296,72
MintSongsV2,Charlie Crown,Hello Stranger 2.0 (feat. Helen Tess),Hello Stranger 2.0 (feat. Helen Tess),NaN,NaN,NaN,[],NaN,NaN,NaN,NaN,NaN,ipfs://QmQ93Fa56yANTN3wYZJQWP2b9FUrQeV9pvSJyTonEnq9UB,ipfs://QmZZ5WgDgxugvMtpB6B6mwVusf8VZFnSoPCbWmSfRoYcjd,165.333333,73
MintSongsV2,Harrison $First,Unica ft SENT,Unica ft SENT,NaN,NaN,NaN,[],NaN,NaN,NaN,NaN,NaN,ipfs://QmWf864HxRqSBehx68v8NYEZoFKagbczBnNRjbLoWUCnwe,ipfs://QmdiFAD9DPiyroxazzfdE72GY6FSLzR5MvbFVTykevUZYB,180.910249,74
MintSongsV2,Jack Frost,Proof (The Original),Proof (The Original),NaN,NaN,NaN,[],NaN,NaN,NaN,NaN,NaN,ipfs://QmbFnsAu8ak9Hr117BxTFZEDpXzt7tvexUNXJGZy686DFN,ipfs://QmaHVvFN9cq6bugR1c3meuyzuMhYY5XkXdbh82mXfp2mK1,160,75
MintSongsV2,capshun,BOUNDARIES,BOUNDARIES,NaN,NaN,NaN,[],NaN,NaN,NaN,NaN,NaN,ipfs://QmPgZrTxpQVhsBmLEivD1sSFrQw7oe6fdvdU6swAh4xmy7,ipfs://Qma4onvTakoFzoSJTSkhExMbPcjVXFGBYRyFhikwabPPbr,175.841,76
MintSongsV2,Alara,everyone wants to feel good,everyone wants to feel good,NaN,NaN,NaN,[],NaN,NaN,NaN,NaN,NaN,ipfs://QmS2nWBtE7WVpe4T2V9vKayhGMLVVS9vJUM9A3g23GTHj7,ipfs://QmWRQh7iwD8tgmZ3o2phAiTChtQBEQxzDbESDyPQJCTgCd,144.718299,77
MintSongsV2,Sara Phillips,killer,killer,NaN,NaN,NaN,[],NaN,NaN,NaN,NaN,NaN,ipfs://QmZYHumB1z3J72t5Y1gLatA7qSZJ2xaejXh4hQLw46TF5S,ipfs://QmXmeLKZz1eDDzBmnDdnBVSPzRDKgvHZgVKiaSXDThLb1P,142.714,78
MintSongsV2,baby guava,DGAF,DGAF,NaN,NaN,NaN,[],NaN,NaN,NaN,NaN,NaN,ipfs://QmeDCs5ubEVc6xqZbaATeow4sWWC39MnPCW2e2WgrR4VDp,ipfs://QmQj8W4EGB2SRoMBLXJB7WUjPmdnPcZDxkTJtNXT25yHPk,"{'message': 'Request failed with status code 500', 'name': 'AxiosError', 'config': {'transitional': {'silentJSONParsing': True, 'forcedJSONParsing': True, 'clarifyTimeoutError': False}, 'transformRequest': [None], 'transformResponse': [None], 'timeout': 2500, 'xsrfCookieName': 'XSRF-TOKEN', 'xsrfHeaderName': 'X-XSRF-TOKEN', 'maxContentLength': -1, 'maxBodyLength': -1, 'env': {'FormData': None}, 'headers': {'Accept': 'application/json, text/plain, */*'}, 'baseURL': 'https://api.mintsongs.com', 'method': 'get', 'url': '/v3/duration/QmQj8W4EGB2SRoMBLXJB7WUjPmdnPcZDxkTJtNXT25yHPk'}, 'code': 'ERR_BAD_RESPONSE', 'status': 500}",79
MintSongsV2,ZanibWaves,Levitate,Levitate,NaN,NaN,NaN,[],NaN,NaN,NaN,NaN,NaN,ipfs://QmP1s69TnPccgdmz9jviBjM8ayMSpkHaHMxmBAmVPsmAbV,ipfs://QmQdkpuWSGPQWsFoD3vZQAmUDiiQCmpzyqM6Eup9peZGYq,180.8,80
MintSongsV2,ibninglor,Breathe,Breathe,NaN,NaN,NaN,[],NaN,NaN,NaN,NaN,NaN,ipfs://QmcKWGseYrhJrombkLKbAW85N2gos9mkMoMtcwGPwV6TUY,ipfs://Qmazyj3B9ivihG9PF12nDGCXwCCXTMMLuf1akZAuNncMyq,197,81
MintSongsV2,Little Boots,Heavenly ,Heavenly ,NaN,NaN,NaN,[],NaN,NaN,NaN,NaN,NaN,ipfs://QmU4PCY5KVRSG6B3nT8r4iywhzMYbUBNw8trfnJiraP4K1,ipfs://QmeUF2uxemgsvhQxUJsmrsSVF4P6EJU98btiDn3agUZosi,"{'message': 'Request failed with status code 500', 'name': 'AxiosError', 'config': {'transitional': {'silentJSONParsing': True, 'forcedJSONParsing': True, 'clarifyTimeoutError': False}, 'transformRequest': [None], 'transformResponse': [None], 'timeout': 2500, 'xsrfCookieName': 'XSRF-TOKEN', 'xsrfHeaderName': 'X-XSRF-TOKEN', 'maxContentLength': -1, 'maxBodyLength': -1, 'env': {'FormData': None}, 'headers': {'Accept': 'application/json, text/plain, */*'}, 'baseURL': 'https://api.mintsongs.com', 'method': 'get', 'url': '/v3/duration/QmeUF2uxemgsvhQxUJsmrsSVF4P6EJU98btiDn3agUZosi'}, 'code': 'ERR_BAD_RESPONSE', 'status': 500}",82
MintSongsV2,Balkan Bump,Wonderland,Wonderland,NaN,NaN,NaN,[],NaN,NaN,NaN,NaN,NaN,ipfs://QmVTfrBk3c2B3XVkftc1PJeNutJVP6XiTM4XXscc34gVsK,ipfs://QmcC59wb1oBBpzuzk9SvaWa3ecJpDQ8AUTMVThx4s5m1CR,243.529,83
MintSongsV2,ROZES,Never Let Me Go,Never Let Me Go,NaN,NaN,NaN,[],NaN,NaN,NaN,NaN,NaN,ipfs://QmRvkBN5oabTuVZ3wkEtZinhVqh5A7YFrnub9134TpXptG,ipfs://QmQKBNTA8hm8QEDCbTBypAw8ktpYk88ytA8mzehGAPftz3,"{'message': 'Request failed with status code 500', 'name': 'AxiosError', 'config': {'transitional': {'silentJSONParsing': True, 'forcedJSONParsing': True, 'clarifyTimeoutError': False}, 'transformRequest': [None], 'transformResponse': [None], 'timeout': 2500, 'xsrfCookieName': 'XSRF-TOKEN', 'xsrfHeaderName': 'X-XSRF-TOKEN', 'maxContentLength': -1, 'maxBodyLength': -1, 'env': {'FormData': None}, 'headers': {'Accept': 'application/json, text/plain, */*'}, 'baseURL': 'https://api.mintsongs.com', 'method': 'get', 'url': '/v3/duration/QmQKBNTA8hm8QEDCbTBypAw8ktpYk88ytA8mzehGAPftz3'}, 'code': 'ERR_BAD_RESPONSE', 'status': 500}",84
MintSongsV2,NiftySax,Samba Soul (alt. take),Samba Soul (alt. take),NaN,NaN,NaN,[],NaN,NaN,NaN,NaN,NaN,ipfs://QmS9b84h9RywatkSCTdAhQgDXDMxop7CEnrUYbHgF7VMSK,ipfs://QmbxqAbDF4yDpLdzxNrukS2Hn3oz4j4BQznAqsVjyhcJ7Y,"{'message': 'timeout of 2500ms exceeded', 'name': 'AxiosError', 'stack': '', 'config': {'transitional': {'silentJSONParsing': True, 'forcedJSONParsing': True, 'clarifyTimeoutError': False}, 'transformRequest': [None], 'transformResponse': [None], 'timeout': 2500, 'xsrfCookieName': 'XSRF-TOKEN', 'xsrfHeaderName': 'X-XSRF-TOKEN', 'maxContentLength': -1, 'maxBodyLength': -1, 'env': {'FormData': None}, 'headers': {'Accept': 'application/json, text/plain, */*'}, 'baseURL': 'https://api.mintsongs.com', 'method': 'get', 'url': '/v3/duration/QmbxqAbDF4yDpLdzxNrukS2Hn3oz4j4BQznAqsVjyhcJ7Y'}, 'code': 'ECONNABORTED', 'status': None}",85
MintSongsV2,karma.wav,Love Ethic ,Love Ethic ,NaN,NaN,NaN,[],NaN,NaN,NaN,NaN,NaN,ipfs://QmXiEpChj1QecNMjA9sjLDTFURoPfnSaPfRXmWTJNgyAgm,ipfs://QmRUQPSPQCDfmizUqvqgVYAubj7LHHTf3v2UsigKgcf5u5,"{'message': 'timeout of 2500ms exceeded', 'name': 'AxiosError', 'config': {'transitional': {'silentJSONParsing': True, 'forcedJSONParsing': True, 'clarifyTimeoutError': False}, 'transformRequest': [None], 'transformResponse': [None], 'timeout': 2500, 'xsrfCookieName': 'XSRF-TOKEN', 'xsrfHeaderName': 'X-XSRF-TOKEN', 'maxContentLength': -1, 'maxBodyLength': -1, 'env': {'FormData': None}, 'headers': {'Accept': 'application/json, text/plain, */*'}, 'baseURL': 'https://api.mintsongs.com', 'method': 'get', 'url': '/v3/duration/QmRUQPSPQCDfmizUqvqgVYAubj7LHHTf3v2UsigKgcf5u5'}, 'code': 'ECONNABORTED', 'status': None}",86
MintSongsV2,Luca Maxim,Luca Maxim - Magnify,Luca Maxim - Magnify,NaN,NaN,NaN,[],NaN,NaN,NaN,NaN,NaN,ipfs://QmWTRhcRK2MCqpoxXkkktoThZboQWjKAkwwqX78MfwP8NS,ipfs://QmaEp2aDYmD6TK5nU58remGnk5DQhcJHUmfU52SRRcmXaC,166.956,87
MintSongsV2,James Gardin,BLUE,BLUE,NaN,NaN,NaN,[],NaN,NaN,NaN,NaN,NaN,ipfs://QmX8qZYwaPpzxVdjgG3kfuy98u6CnyEUbGKRRjz6vjVBoQ,ipfs://QmQasuGQRuggbAiEM424bVyq5y6tyvwW7BpGRjME3WLPtk,157.305,88
MintSongsV2,!llmind,Lost In The Shadows,Lost In The Shadows,NaN,NaN,NaN,[],NaN,NaN,NaN,NaN,NaN,ipfs://QmQbGrwkPsVQfk4LeZfL4tagMMfoHXh6wz7c2sXVdghGEx,ipfs://Qmc6dMurMXHwpJHd7Xg7bAGkcXJVzdmLU5Ny63khyaNhUc,196.613,89
MintSongsV2,Dyl,Crypto Rich,Crypto Rich,NaN,NaN,NaN,[],NaN,NaN,NaN,NaN,NaN,ipfs://QmV3TQqaFwqGmhu9VMDpMghFTWN73N5R241EDTnCn3pnu5,ipfs://QmV6pDqc3ockM1Ms5ZtAPwS3VmguGkJ2CGCpnYEfCyis1n,"{'message': 'timeout of 2500ms exceeded', 'name': 'AxiosError', 'config': {'transitional': {'silentJSONParsing': True, 'forcedJSONParsing': True, 'clarifyTimeoutError': False}, 'transformRequest': [None], 'transformResponse': [None], 'timeout': 2500, 'xsrfCookieName': 'XSRF-TOKEN', 'xsrfHeaderName': 'X-XSRF-TOKEN', 'maxContentLength': -1, 'maxBodyLength': -1, 'env': {'FormData': None}, 'headers': {'Accept': 'application/json, text/plain, */*'}, 'baseURL': 'https://api.mintsongs.com', 'method': 'get', 'url': '/v3/duration/QmV6pDqc3ockM1Ms5ZtAPwS3VmguGkJ2CGCpnYEfCyis1n'}, 'code': 'ECONNABORTED', 'status': None}",90
MintSongsV2,Alec King,Being Alone Feels Like I'm Drowning,Being Alone Feels Like I'm Drowning,NaN,NaN,NaN,[],NaN,NaN,NaN,NaN,NaN,ipfs://QmatNqbaY7JecUSXRDzzxwCcuhf5e2aXnuKG1aKxVroTmV,ipfs://QmUC2B9aoTjBZNr1xPywHQkZrMYsDYatnRYCtS9tHucxvK,"{'message': 'Request failed with status code 400', 'name': 'AxiosError', 'config': {'transitional': {'silentJSONParsing': True, 'forcedJSONParsing': True, 'clarifyTimeoutError': False}, 'transformRequest': [None], 'transformResponse': [None], 'timeout': 10000, 'xsrfCookieName': 'XSRF-TOKEN', 'xsrfHeaderName': 'X-XSRF-TOKEN', 'maxContentLength': -1, 'maxBodyLength': -1, 'env': {'FormData': None}, 'headers': {'Accept': 'application/json, text/plain, */*'}, 'baseURL': 'https://api.mintsongs.com', 'method': 'get', 'url': '/v3/duration/QmUC2B9aoTjBZNr1xPywHQkZrMYsDYatnRYCtS9tHucxvK'}, 'code': 'ERR_BAD_REQUEST', 'status': 400}",91
MintSongsV2,R3LL,Your Love,Your Love,NaN,NaN,NaN,[],NaN,NaN,NaN,NaN,NaN,ipfs://QmVaqAhyrAURh1LErn84DuTckqKkU47SjihFbDdXZ8iLzY,ipfs://QmT4aQd71L4MY42jFtWQufTrQJqJpY5rcdn4Egbu4qGqvb,185.753,92
MintSongsV2,sweetman eth,Meet the Mint Songs Team,Meet the Mint Songs Team,NaN,NaN,NaN,[],NaN,NaN,NaN,NaN,NaN,ipfs://QmejE2hSTSkDEEfyg4vDfVMd28AyLEQRdhPd4LcacbR4QW,ipfs://QmdXNSkWHKM8zTeLAwztyvok9c7AU3KCgQAGoeJyeGX6tj,2846.69,93
MintSongsV2,McClenney,passenger,passenger,NaN,NaN,NaN,[],NaN,NaN,NaN,NaN,NaN,ipfs://QmPGTnEMFBFYdmdpHfxhUiseN8L5KWaQaxA2zAyZbxeUoC,ipfs://QmWystutrWDj5TtepJk6Jt4mwueKfSj9CjaDtTfqZP7S8w,99.635,94
MintSongsV2,YahZarah,HOUR GLASS FEAT.  MI7,HOUR GLASS FEAT.  MI7,NaN,NaN,NaN,[],NaN,NaN,NaN,NaN,NaN,ipfs://Qmb3UggZcFKQWXht2mjG473HF1K7whyY2tGPbXX9o1YhkW,ipfs://QmQomBsANFqPxfFQ7TGDLp5HzJGnVhLqpv6GwBQTT8WGnE,178.326,95
MintSongsV2,SAGRADO,MEDITACI√ìN,MEDITACI√ìN,NaN,NaN,NaN,[],NaN,NaN,NaN,NaN,NaN,ipfs://QmbiC79oaw6Jkvj4YhJcPbfXwxL3VWMqvnckff4HJdCqsQ,ipfs://QmSG1JPRdiFj1k5ia9gz5c73xZ9rsGN8WNDiCVax9msFEi,81.23,96
MintSongsV2,SAGRADO,TESORO,TESORO,NaN,NaN,NaN,[],NaN,NaN,NaN,NaN,NaN,ipfs://QmZMe9EtZ5SbsCYphiig17HCZhr8uQBbQoBrQs3PutCfNw,ipfs://QmZxF2gDcwABetngpRN5f24sRMjVhMq7fPDVgQR6E5in7Q,115.764,97
MintSongsV2,Dom Deshawn,Keep That(feat. Joey Aich),Keep That(feat. Joey Aich),NaN,NaN,NaN,[],NaN,NaN,NaN,NaN,NaN,ipfs://QmRepwVYf5vVwAEiRR6XmDGLJ4TB36DZ29FmgDASDbzw8s,ipfs://QmXhcwentJeouPdHNjYEMgT1PJnsrZ8JistyFe1qYFJstS,197.276,98
MintSongsV2,theneverafter,Vital Sines,Vital Sines,NaN,NaN,NaN,[],NaN,NaN,NaN,NaN,NaN,ipfs://QmREV9kZZ4Up4BA5iQDW3nnoB9tiwp5o5rVLbzheFHM4HK,ipfs://QmU9K83YsQEv6fEa5S8jLg1r9zPtCkT7Ui6CfmEt5KuEKq,162.392,99
MintSongsV2,Marcel Rocha,Breaking the beats II,Breaking the beats II,NaN,NaN,NaN,[],NaN,NaN,NaN,NaN,NaN,ipfs://QmbBwLWxNNbdgs5tdDYkHkes2kUpUksbpWvPe69LBRhJAN,ipfs://Qmd6qKiX3aidfLKtK1z8y3s7NoQfRWD1rMGzRL9rREZMSV,321.851,100
MintSongsV2,SAGRADO,LUZ,LUZ,NaN,NaN,NaN,[],NaN,NaN,NaN,NaN,NaN,ipfs://QmbDDN67vpWVyVYwCQEDdz6gfxcy4jJ6mN8hY9y3pNNeku,ipfs://QmR2heXhvNJuNnaBqFYQbJ6s4rqUMcfW6V5PG7JVHmcHHE,158.4,101
MintSongsV2,Ghost Train,No Hero,No Hero,NaN,NaN,NaN,[],NaN,NaN,NaN,NaN,NaN,ipfs://QmfGCUqgthhJUtpnEFbeVTz9zt95rAQqa22vk9LwsrUepD,ipfs://QmUWm4ZSQauJ1YmYSFQH4s8ypzXmw4trQvHRyat549kSPz,219.212,102
MintSongsV2,Tom Vek,Fountains Spit Your New Name,Fountains Spit Your New Name,NaN,NaN,NaN,[],NaN,NaN,NaN,NaN,NaN,ipfs://QmQPpBgwXymSTnWq8ZNYQoS4jpdvFXyKriX9DTrdTnZZ2j,ipfs://QmdY95VTHuzGp87qjZQdyjqxtQGM5Ds3SDniXvmLk954Az,316.595,103
MintSongsV2,NVDES,Divine Love,Divine Love,NaN,NaN,NaN,[],NaN,NaN,NaN,NaN,NaN,ipfs://QmWgiihF9jCdPaF9TvzrxpnQZFBzYWr8EN8QxiiNzsjqwT,ipfs://QmXhr72S2JXkQfsSLR6rpoZdoAqhYT9kP4GsEvUbAo9E7z,197.328,104
MintSongsV2,Spence,Julia,Julia,NaN,NaN,NaN,[],NaN,NaN,NaN,NaN,NaN,ipfs://QmdMTKSRs4U2TkupCyRpUbT6uconqtJVTtx1pXY59U8wpr,ipfs://QmZGc3As8uWmhY1VAuAjj789kGs7ut9b9KgKaorVnydDgL,188.191,105
MintSongsV2,Spence,Julia,Julia,NaN,NaN,NaN,[],NaN,NaN,NaN,NaN,NaN,ipfs://QmdMTKSRs4U2TkupCyRpUbT6uconqtJVTtx1pXY59U8wpr,ipfs://QmfHGf9Zy4GvVbGrWp4t8GPiao5f4yFUZReXH54yKbH473,188.191,106
MintSongsV2,Infinati,Air,Air,NaN,NaN,NaN,[],NaN,NaN,NaN,NaN,NaN,ipfs://QmevJX63mJB1Cb9vbpieqVM8S9XKkXMP78NRADYWWXFiF3,ipfs://QmY528wUFkYwVvN5prk9qErXB4NsPisPS8ZEuRDnqv6XPJ,190,107
MintSongsV2,Luxas,Bronx,Bronx,NaN,NaN,NaN,[],NaN,NaN,NaN,NaN,NaN,ipfs://Qmemysn7CWqYQGAojFoqVsUKLT79bgj7fyDFv2MD9TgHfL,ipfs://QmZ32RnjbgaeVVhn7ErCrg4xgQrumvbnfVGyzmp1FSkrzN,"{'message': 'Request failed with status code 400', 'name': 'AxiosError', 'stack': '', 'config': {'transitional': {'silentJSONParsing': True, 'forcedJSONParsing': True, 'clarifyTimeoutError': False}, 'transformRequest': [None], 'transformResponse': [None], 'timeout': 10000, 'xsrfCookieName': 'XSRF-TOKEN', 'xsrfHeaderName': 'X-XSRF-TOKEN', 'maxContentLength': -1, 'maxBodyLength': -1, 'env': {'FormData': None}, 'headers': {'Accept': 'application/json, text/plain, */*'}, 'baseURL': 'https://api.mintsongs.com', 'method': 'get', 'url': '/v3/duration/QmZ32RnjbgaeVVhn7ErCrg4xgQrumvbnfVGyzmp1FSkrzN'}, 'code': 'ERR_BAD_REQUEST', 'status': 400}",108
MintSongsV2,Tom Vek,Rolling New You Down,Rolling New You Down,NaN,NaN,NaN,[],NaN,NaN,NaN,NaN,NaN,ipfs://QmRd7WZrm7i1HihFT3yWz4c5RcuEM2MeLqjahJksJZP6wv,ipfs://QmUDc1cZMbZps9Wa8mhZuYQgfydB5xSx9kATQEx2H3EdkN,216.524,109
MintSongsV2,1,My Love (French Edit) ,My Love (French Edit) ,NaN,NaN,NaN,[],NaN,NaN,NaN,NaN,NaN,ipfs://QmW9K9bXuiZZMozGjWSjqcrue89mczKzqdYPnfEH5KVmKG,ipfs://QmXR1uwkP2PwBjbH5YZniGq1ysANAiwhsMjKfh2kc3Th24,173.65,110
MintSongsV2,handsome grandson,Sad Summer (feat. Alex Purdy),Sad Summer (feat. Alex Purdy),NaN,NaN,NaN,[],NaN,NaN,NaN,NaN,NaN,ipfs://QmY5WfyUjzsKyyRMGwxDY4ae18npqW7PeL8jVCJXiYVo1H,ipfs://QmTZn2Hf8g2WndbJJxpLgr4kDwND6MSzgxLu8fapKxvpRp,281.405,111
MintSongsV2,Infinati,Slippin',Slippin',NaN,NaN,NaN,[],NaN,NaN,NaN,NaN,NaN,ipfs://QmSpAjwbrWApPK8oUZt5S5VWkyraFGf2XjeG8bSatJvuxT,ipfs://QmR53Z2iat9jdA78TXSPvD1f9fGxZy7PmZURkxPpCKcr1p,201.815,112
MintSongsV2,Alex Paul,Despecho,Despecho,NaN,NaN,NaN,[],NaN,NaN,NaN,NaN,NaN,ipfs://QmX8vDL2q2Cqi8WNRysTdAyRc2obkdsp6PA1FXBcM1HCne,ipfs://QmeCjB9NGJ7nadCDhxXM7vmL4dTrawBA9BTgQeVac2Y8DP,183.333,113
MintSongsV2,Soundwaves Photon,Vibrancy,Vibrancy,NaN,NaN,NaN,[],NaN,NaN,NaN,NaN,NaN,ipfs://QmNg8uvPQpp8m8ytk3pfnVyF9D9xd6hqyztg5ahdTaeTXu,ipfs://QmdSkWdYjyujpcT1gCrohsAkgPpFDBueESKASYys1SARQ7,194.676,114
MintSongsV2,GUSPY,STEEZ LU√çZ,STEEZ LU√çZ,NaN,NaN,NaN,[],NaN,NaN,NaN,NaN,NaN,ipfs://QmTdJKKkWStWcGUYVnVPgdkrjehs96CqUPFHE6TTr1PA4W,ipfs://QmSA6m9uNXX3STm9kHVHUJFwQMRVQLpEsRAQLZRG8Q5euM,193.972,115
MintSongsV2,Davyd,Enemigo Imaginario,Enemigo Imaginario,NaN,NaN,NaN,[],NaN,NaN,NaN,NaN,NaN,ipfs://QmNdLbk3zu2qAxycW7RKdMJp9asf9ZCVSZCMc5n5zWbyim,ipfs://QmNarcYj7PvLHg3Jb5jACZdsQeujcQdpEgh9uwLXaThyxf,204,116
MintSongsV2,Jonny Lemons,Alone,Alone,NaN,NaN,NaN,[],NaN,NaN,NaN,NaN,NaN,ipfs://QmZEZTefFJ9huJFKPS2AXakqWSsS2xbvm4WMkDHjYtNTHp,ipfs://QmbgENEhY6xTYJZfNiuiHYDTk84vdhBMZgwRGvKV5oFfcz,116.869,117
MintSongsV2,Abtin Zahed,CONFLICT THEORY,CONFLICT THEORY,NaN,NaN,NaN,[],NaN,NaN,NaN,NaN,NaN,ipfs://QmbFL1ZHoAwoNPS9p9xBALTTjnWT5Jxo5Y6yx68vj2fy2Y,ipfs://QmdtGkqs6dDmDTVoyjniMtwAcrwpVyMExDYU4L1pNcVqTY,198,118
MintSongsV2,Amnix,721,721,NaN,NaN,NaN,[],NaN,NaN,NaN,NaN,NaN,ipfs://QmVpYNjc5M98JabNH7Ky6MBFfHd8RJCfTZjoEnpub9uQUc,ipfs://QmeQ9KNqoZJLf2FaNPoP4NmRH6yBhGdRkUMX8YJmZjZkiP,251.612,119
MintSongsV2,Tom Vek,New Guilty Pleasure,New Guilty Pleasure,NaN,NaN,NaN,[],NaN,NaN,NaN,NaN,NaN,ipfs://QmQ6i6rkn6CmfjQSXZt74yriRDR3MkXRQ8peeCngJgrD8C,ipfs://Qmd2BQHBY9pqEuS2RixBtQXrkSi4zpjuVHscqPmt6MZPEq,391.28,120
MintSongsV2,Jackintheway,Body & The Beast,Body & The Beast,NaN,NaN,NaN,[],NaN,NaN,NaN,NaN,NaN,ipfs://QmeCRy9BjRZgCGDkyy5peipXDKVnybiQaWYaL31GsiHZZ7,ipfs://QmTtavfx8SfqFtnvSn4PqHb8y21FJVEZnw8TW2UbxLtgtf,224,121
MintSongsV2,Marcel Rocha,Psychedelic path,Psychedelic path,NaN,NaN,NaN,[],NaN,NaN,NaN,NaN,NaN,ipfs://QmPCAWeQv3gmd1v69dq9r1nBtWrrTCQtcLtAbhhpEn4kJM,ipfs://QmfSTptU2MJmfg9PNyppyUfsbzVgSPTVhwuvvgJ7R42dYd,225.306,122
MintSongsV2,Juice Bruns,Mastermind,Mastermind,NaN,NaN,NaN,[],NaN,NaN,NaN,NaN,NaN,ipfs://QmNsKA814mawpbZ8emoZREbtGrz9gqwx2V7ZjbZTwUS8wG,ipfs://QmW8Dmg7tn7WSVb12gdLQu2iyR6kWh2Q8zcTwdjCBkAn9a,221.487,123
MintSongsV2,Tom Vek,My New Child,My New Child,NaN,NaN,NaN,[],NaN,NaN,NaN,NaN,NaN,ipfs://QmQ3WRsKBpNfnuebVNYkzShSxTHZG3JzTXjuBK9wx2UzPa,ipfs://QmXXmmpGBfwt4nUay1cXN2hAFk1S71oCquEm6fCtxZpwae,288.214,124
MintSongsV2,Versake,as the lights burn out,as the lights burn out,NaN,NaN,NaN,[],NaN,NaN,NaN,NaN,NaN,ipfs://QmQa3ksJkAkQ5zrRdhaBGh4A8gfcwiY48NGZ5eo7hSmEYP,ipfs://QmPXuByESuDwuMruA8GTDFhCaExzG1wFKqC99atKHFkRmG,125.562,125
MintSongsV2,Cardios Then 33,Idolatria,Idolatria,NaN,NaN,NaN,[],NaN,NaN,NaN,NaN,NaN,ipfs://QmRkQonhL1FHSuGK85UyAGywjQHe1C8ZXNo5yQx6ERPydv,ipfs://QmYGL8jB4DwAEohsKvHhv1eJDWCsYoxvotq1jVty6JqJ2y,357.405,126
MintSongsV2,Heno.,FOCUS,FOCUS,NaN,NaN,NaN,[],NaN,NaN,NaN,NaN,NaN,ipfs://QmUdrXUuuLpWjk687wtsQ65kVyyxRuNFi7rEQCjSysy9rg,ipfs://QmVccUr5cQbDdW33Buk1nBHHWFPvbne892A1yUzS5P77FD,105.6,127
MintSongsV2,Tom Vek,All The Time in the New World,All The Time in the New World,NaN,NaN,NaN,[],NaN,NaN,NaN,NaN,NaN,ipfs://QmbHnLm3BcddzKKSDthJBBHAyyf2LqbkCP4EDFwacSQz5B,ipfs://QmcG37rN9UiTRNGMXtfz1i4PX9qswMAn82sM5zBF61BX6b,270.107,128
MintSongsV2,Infinati,Two Life Sentences + 40 years Without Parole,Two Life Sentences + 40 years Without Parole,NaN,NaN,NaN,[],NaN,NaN,NaN,NaN,NaN,ipfs://QmSmSZ7WttbdepesDEepdKhh3tUm6R23J86w9WfNEQzoZe,ipfs://QmbVYmGahxGzcQQ9v26LFPcFAsgqNRcLtYULLxpZ2yDfNc,225,129
MintSongsV2,Mika,Rompi√≥ el Molde,Rompi√≥ el Molde,NaN,NaN,NaN,[],NaN,NaN,NaN,NaN,NaN,ipfs://QmcTnr42SBANqu3dpb8RZKj3AkYBqj7BZrAxcco8DY6nsm,ipfs://QmcVWXBQUEhgPJnqbkqDCnPdaic5LPdgLBKH3WbWxt2ox8,205,130
MintSongsV2,Tom Vek,Slippery New Fish,Slippery New Fish,NaN,NaN,NaN,[],NaN,NaN,NaN,NaN,NaN,ipfs://QmaCkQrLnHvMKM3ihKysBHg5ayJNQswam9NtKwdYdarUXR,ipfs://Qmdr6fTwgDqy1YraTGo3Pa2TQMoJqkMdveUWuYrAJVUjzY,279.502,131
MintSongsV2,Urban Owl,MERCURY,MERCURY,NaN,NaN,NaN,[],NaN,NaN,NaN,NaN,NaN,ipfs://QmegQPKT4Z37XEPADmF3yAaCyr9R4RvoxsDFdo6WKEXCkQ,ipfs://QmQHfDZhWfDc7hTyqzEjHo2ZP93PRJAZuAbhGgK9xuJ8XV,372,132
MintSongsV2,SuperChannel,Didn't Recognise Ya (Original Mix),Didn't Recognise Ya (Original Mix),NaN,NaN,NaN,[],NaN,NaN,NaN,NaN,NaN,ipfs://Qmc388F332NuK3UsASjV27LA1L3JC4bvuH3ywXG3Hp5sS5,ipfs://QmNjE9nWvKG92SSwePWYg2B22T75YpcqKgQoP1cSEpvLx5,268,133
MintSongsV2,Lucky Guzman,Heal the World,Heal the World,NaN,NaN,NaN,[],NaN,NaN,NaN,NaN,NaN,ipfs://QmUWvNykJnDJDVKojaZUizFcTZaFFaFFW989D29Zshrt1M,ipfs://QmdmDADyDu9ZH3bu1BsyzvyyNp1KGWb11Tvo8st9wiDGzH,187.32,134
MintSongsV2,Infinati,Truth is Bliss,Truth is Bliss,NaN,NaN,NaN,[],NaN,NaN,NaN,NaN,NaN,ipfs://QmT5Qjy3NXYqdWDv9DpxmAUPw9HPhRsfNv7FuP2Sq73Cxr,ipfs://QmcqX7eBAWzGohTVy5Cra6g618Ass6E3PWPJt3NPGpAK2W,231.43,135
MintSongsV2,Million Records,Nickobella - True,Nickobella - True,NaN,NaN,NaN,[],NaN,NaN,NaN,NaN,NaN,ipfs://QmZ3kU9LiHCHdzFiT7NxE7tDu3LTubzydZw87sLfEAd3v6,ipfs://QmV7FxZbtj2VmTxE1VtL1c53T2E1kvYTyUWP3kb9GvSTwS,156.134,136
MintSongsV2,Tom Vek,Washed Up on the New Beach,Washed Up on the New Beach,NaN,NaN,NaN,[],NaN,NaN,NaN,NaN,NaN,ipfs://Qmf8iQzEJmsiG5qaQRu36CfJC8JRWaSoVjX1FoUa7Vsdcc,ipfs://QmVUYjsZQamaj1XafSJ2Dj7gaVQMQme1TprRNAK6nbWDax,222.72,137
Catalog,TWERL,TWERL,attention,80,NaN,NaN,['electronic'],NaN,NaN,NaN,NaN,NaN,ipfs://bafybeie27i4x5bc7ecjaixk5biv2saft4x5fqrvmovrxpjs6namp4cu2by,ipfs://bafybeiansqgkfrdvgikw7x6ndc4bmujqtrf3ffpwwvw7yzhdqzmkrbf2pm,111.073,21
Catalog,TWERL,TWERL,home,146,NaN,NaN,['electronic'],NaN,NaN,NaN,NaN,NaN,ipfs://bafybeib3gxmiai4g4srde4egxekmrcajktqpkpzj6l4xstzjzh35qujgce,ipfs://bafybeiak3bdipwqqqssjvkrnxbgrq4nw3db7wqdere72bnbi3vfwekrrfi,132.467,20
Catalog,TWERL,TWERL,dream,130,NaN,NaN,"['electronic', 'quirky']",NaN,NaN,NaN,NaN,NaN,ipfs://bafybeic5dfqijialowjypighgdfdytwdjrpzro67u7ofev3bxkenpphgt4,ipfs://bafybeiag2qfnttnpjeknl2utwnzzjt4yfhmi6u3joo4z44qhjvczibmsl4,92.369,23
Catalog,Numa Gama,Numa Gama,Nas Folhas üåø,80,NaN,NaN,"['electronic', 'quirky', 'relaxed']",NaN,NaN,NaN,NaN,NaN,ipfs://bafybeicpidcfzoyxspi3m2kaxcxdjjrnp76ecfe7eg3u2f75folfl7wtce,ipfs://bafybeigbc7jhqvanaeotowmbfrnp6rw2nevxs7euknabmtbdiwajlboysq,197.016,44
Catalog,Gwen Bunn,Gwen Bunn,Beyond,108,NaN,NaN,"['alternative r&b', 'relaxed']",NaN,NaN,NaN,NaN,NaN,ipfs://bafybeidsgpehpmok7r56fyr6y6guntdmvxe5ouhwucgqziltypuvgfj2n4,ipfs://bafybeiehgnamdenndkywvnsxfrgmh3ztlredpj5kwvg7bhyupyyv4x4rky,160.052,9
Catalog,Hablot Brown,Hablot Brown,333,nan,NaN,NaN,"['folk', 'electronic', 'neutral']",NaN,NaN,NaN,NaN,NaN,ipfs://bafybeicffo42jzrufzflisntjt7evz47fimwjfkbj447llvfucnvlhmzje,ipfs://bafybeiaudbadpnualhprwnps4fj5sjz2qhknoip6zolxg5scysbu45vxri,409.56,11
Catalog,The Balance King,The Balance King,tuungs,80,NaN,NaN,"['electronic', 'powerful']",NaN,NaN,NaN,NaN,NaN,ipfs://bafybeibzydmaas7vm3aabu2wynwpttlgd2khg7v6gtdhhtnupf7zzdkt6q,ipfs://bafybeibmniobebucsppzp347rmudu74lw2w2e562ws2fvtaguc3eq7uege,200.376,57
Catalog,bloody white,bloody white,fever,125,NaN,NaN,['hip hop'],NaN,NaN,NaN,NaN,NaN,ipfs://bafybeicyzeoybcxcuj6cegyfyoi7sb7qp23ltuwgh2dheogj3wbip2bjfq,ipfs://bafybeibqu4hvjcekrsm2iatisvmfpjouu5fdzljrzozr4n2sehog7oxuf4,127.817,55
Catalog,Lalin St Juste,Lalin St Juste,rough sketch of love,nan,NaN,NaN,"['folk', 'indie rock', 'neutral']",NaN,NaN,NaN,NaN,NaN,ipfs://bafybeie452waz77r2eaijyvxws22ksxz6lbzya2s6dtorwbfr47lowvmva,ipfs://bafybeifouzclznja5dyz4bgmbtifc3g76zdydh3vpkslfpfdxt6ghoncbu,175.584,58
Catalog,Coflo,Coflo,Throwbacks (Grapefruit La Croix),124,NaN,NaN,"['house', 'electronic', 'relaxed']",NaN,NaN,NaN,NaN,NaN,ipfs://bafybeiea2scxbafct527iptj6seas2ysasdwylmaw6jk5x6gayhyalpywu,ipfs://bafybeihbtp3yor3cwyz4g6fdjwxkcfrepaopmqbr6y2iey6dtjr72y7pe4,483.971,56
Catalog,TiKA,TiKA,DON'T BE AFRAID FT. HMLT,nan,NaN,NaN,"['pop', '@jameecornelia 5-7-22', 'relaxed', 'romantic']",NaN,NaN,NaN,NaN,NaN,ipfs://bafybeifw7ysm3u2loiwhz3oaol7kf4wkzfcpgyqdlpovat5qpbelzjfxgu,ipfs://bafybeiffbckqjn3r5b255zreoww4ivwjlz5uiv2z4vuzhvsnvi6bwymjzu,189.231,12
Catalog,Low Leaf,Low Leaf,Fake Woke,140,NaN,NaN,['electronic'],NaN,NaN,NaN,NaN,NaN,ipfs://bafybeienfz5sfgi23mntehfqiuytjn5x7x7wpwgws5fdmn7hic6nenygcq,ipfs://bafybeifd4kw2sgsy47mrw66cmjvomtpwpfbdaxatdmyzvoqhl6ezalh3bq,117.002,13
Catalog,Danny Dwyer,Danny Dwyer,A.P.C.'s,121,NaN,NaN,"['electronic', 'relaxed']",NaN,NaN,NaN,NaN,NaN,ipfs://bafybeidt3gdx3lizdnuhrpt5iib37hrubeoortsb5luxklwozie2xbmnv4,ipfs://bafybeiadmrwylf2rqcauwwmh24wlqktajskv3c6e4imypbbgfmbep6a4we,218.514,25
Catalog,StonezTheOrganic,StonezTheOrganic,UNIVERSE,155,NaN,NaN,"['trap', 'hip hop', '@jameecornelia 5-7-22', 'quirky']",NaN,NaN,NaN,NaN,NaN,ipfs://bafybeidfmbowq46ayjvgisi6c6zo4cch5wqzbb5ss32qyp75dwsetev64u,ipfs://bafybeid6djfwxneu3anhteecyay36dtc7tliidgxrpdqjlozyegz5gftyq,107.442,24
Catalog,HARRY WAS HERE,HARRY WAS HERE,People Say,100,NaN,NaN,"['folk', 'quirky', 'relaxed']",NaN,NaN,NaN,NaN,NaN,ipfs://bafybeiazt4phmptec3ndwgndkier4jxj4r4oygzuqw3moxforwbdyly57a,ipfs://bafybeibcfgbahrhzeplr7ytpbxtquj5yfjzjnv22sjrbgs2mwkishwgkvy,125.466,26
Catalog,7KY,7KY,Ordinary Alien,nan,NaN,NaN,"['electronic', 'alternative rock']",NaN,NaN,NaN,NaN,NaN,ipfs://bafybeidy4syygxmtgdm6kw32qwu4tkqmae7hstnttelxro4asg2g4ivmsy,ipfs://bafybeidf7czy54ff7godkn45gp35gyx5fpohsunk25kcncveptjocr4d3i,209.685,59
Catalog,msft,msft,from the beginning (minimix) [2018-2020],nan,NaN,NaN,['@jameecornelia 5-7-22'],NaN,NaN,NaN,NaN,NaN,ipfs://bafkreifzzgedk3xayog2qcphgcmm2r2eguxf2n77djbm2sv6nktf6roocm,ipfs://bafybeig27p2ovayhdeofd74gatlkl26pfcfgdeqcztz3glepxic2rhhcpu,376.686,61
Catalog,AbJo,AbJo,Day 17 (Quartz),nan,NaN,NaN,['electronic'],NaN,NaN,NaN,NaN,NaN,ipfs://bafybeicpsx3xspldir3g64m54ropwceij5lr76u7zluqs6y3r2blq4mduq,ipfs://bafybeib6i7rngpx6sbk35mvwcj2nvb7sjk6wdv3bcgmyhjzbybmlwnnsta,190.929,60
Catalog,pollen,pollen,toxic,131,NaN,NaN,"['hip hop', 'electronic', 'powerful']",NaN,NaN,NaN,NaN,NaN,ipfs://bafybeieaees4hjhhaayc2t6qne3pf4xkbkwswo5jc6q4jzsbrv27vrt3my,ipfs://bafybeiegag6snbclkfohgn5cbnmez5g3dicq2e7mtlzdt47usdq56j4h4y,141.528,27
Catalog,dakim,dakim,Portal 1 _coax,nan,NaN,NaN,"['electronic', 'dark']",NaN,NaN,NaN,NaN,NaN,ipfs://bafybeidg274q44wrmx6xrgxhmuqvezh55eqnorhz6o5f2vtawgjkjfbu3e,ipfs://bafybeigdtvgghfsojquaqfviu7cle6xcglqm2rk5biewoz6loijib6qxf4,77.448,62
Catalog,Shacar,Shacar,N e x t,nan,NaN,NaN,"['hip hop', 'romantic']",NaN,NaN,NaN,NaN,NaN,ipfs://bafkreib2yozeuhkrzztedxltrox3lcz5rn7i3wgw73kr2vjaj4yibi6k7m,ipfs://bafybeih6uuioppaugfudwdm3u5ntmypuinnnuxpj34mt66qzadsmddv6ji,152.059,63
Catalog,AbJo,AbJo,about you.,128,NaN,NaN,"['house', 'electronic', 'powerful', 'energetic']",NaN,NaN,NaN,NaN,NaN,ipfs://bafybeidry4rag2uiygrtqu6yx2zqpaqmbdndubd2hj5lrh3wbk7pvb4yma,ipfs://bafybeicflr2s67jmnptb5vcwpmh56k2jwkx7vuxjw7hidsa2qrlxue5hta,210.991,29
Catalog,Dabow,Dabow,Ol√©,141,NaN,NaN,"['dubstep', 'electronic', 'powerful']",NaN,NaN,NaN,NaN,NaN,ipfs://bafybeibanj6b66ub2crkamcl7gkmua335hz64tydkh2usfimmhqvtutcqi,ipfs://bafybeibtrqskzzrhrvpdnl3sykhorqk6tc6jihcc7ejrmtsuvq5kid6gca,243.461,28
Catalog,Adder,Adder,tree.wav,81,NaN,NaN,"['ambient', 'electronic', 'dark', 'neutral']",NaN,NaN,NaN,NaN,NaN,ipfs://bafybeifo4fnqifqhibki35lxdjgsjeiv7darevmoofijdzt4q4worcy4wy,ipfs://QmbAYhVAj31rLQfxo6F79SUBnGqu8tiPB5GuuDajjeEnb6,243.017,65
Catalog,Adder,Adder,The Expanse (with bk beats),86,NaN,NaN,"['hip hop', 'powerful']",NaN,NaN,NaN,NaN,NaN,ipfs://bafybeih2oydcqlqzp4dhnxw36dp3q7wx7sif7yzln5dzgxnu6yv3ivyiim,ipfs://bafybeicvm3tlxs5lb7h7efelga4rk75nxzjjxp37j25w27bvjthb7ld3ae,178.678,64
Catalog,Great Dane,Great Dane,really been sleepin on this one,150,NaN,NaN,"['hip hop', 'electronic', 'quirky', 'powerful']",NaN,NaN,NaN,NaN,NaN,ipfs://bafybeifraswbefgr3kdyjdicxukbjqsvxh2cvhfuaanamn2fswhmrl3ddi,ipfs://bafybeidlptz6seyz4zd774utkldjmjn5ipkj3upgpgzwxopwluywtmt4bi,95.269,30
Catalog,wilter,wilter,i went off the road (from hedsTAPE 03 - mr carmack),nan,NaN,NaN,"['ambient', 'electronic', 'sad', 'dark']",NaN,NaN,NaN,NaN,NaN,ipfs://bafybeiexiweigxww6oyovbeo4bvwowdv4hks7dp33lkij3k3nedc3vh5wy,ipfs://bafybeid5tf7klcon7t6m5h4x3k4fb4wxv5wbijj557itexoxl3eggadrxq,106.24,31
Catalog,AbJo,AbJo,#GrandRising,nan,NaN,NaN,"['electronic', '@jameecornelia 5-7-22']",NaN,NaN,NaN,NaN,NaN,ipfs://bafybeigpzswqlxxsfsjr6wf3evvhfwx3kpguy5ecmxsz76kcxpe2u5xsne,ipfs://bafybeias4ackcqcly7dun34afdqztz5doqkzsetdtsyx3btl4siovfyvqu,80.536,45
Catalog,Lackhoney,Lackhoney,"SWING CHING [FROM THE ""SWEETS"" COLLECTION]",153,NaN,NaN,"['trap', 'hip hop', 'powerful']",NaN,NaN,NaN,NaN,NaN,ipfs://bafybeihg3pfqzeillbmedlx2lc2e3za6fgbdcdcce5aan6s6zlxegtjise,ipfs://bafybeiahro3ooawuwmdgoyc3cpynwl3xavyzn4umqzi2bum24357j6uxde,30.067,66
Catalog,Blk Orchid,Blk Orchid,Show Yuh (Ft. Kelard Tha Lyricist),nan,NaN,NaN,['@jameecornelia 5-7-22'],NaN,NaN,NaN,NaN,NaN,ipfs://bafybeiahhpfx7ntm4xc3s5cq2et2c427v2sgyimfonvp4ail3iozpixfyy,ipfs://bafybeihuwkklbbx7jnforbwynmyau7vf7ghwwilit2phhkuh4eunpnwwfi,170.736,67
Catalog,FRQ NCY,FRQ NCY,Catalog Beat Cypher #2 (samples by Cumulus Frisbee),nan,NaN,NaN,"['electronic', 'powerful']",NaN,NaN,NaN,NaN,NaN,ipfs://bafybeif3kdj3hftexqljwltlpmsls4espdqtyb4f65cw7k6t64fqsp2whq,ipfs://bafybeifywfhf7jdgvwymrpudkcixdeqqjp5x3gh5vvwuvefrqngyo2poxy,114.024,68
Catalog,Alex Purdy,Alex Purdy,intro (closest to heaven),nan,NaN,NaN,['pop'],NaN,NaN,NaN,NaN,NaN,ipfs://bafkreigpwbvqobrfnkbyx2bgr5ga3fouvvnsiehiujfv6qazdkgww3sace,ipfs://bafybeif64noyasuuxdxbdia2nhkriylvdi4jly6due6covo43zzh7xufzy,172.199,69
Catalog,Alex Purdy,Alex Purdy,Rebel Child,116,NaN,NaN,['pop'],NaN,NaN,NaN,NaN,NaN,ipfs://bafkreifgbnwjlx2lrgdwyz4bfbktaxei7xiuqjkkffccjli4wgfsm4d7za,ipfs://bafybeideoug527t4t2bxby5xbxhmqsefyxaxo3wd7fa3e5s6f6l25t253a,160.81,70
Catalog,Dutchyyy,Dutchyyy,"""Mother"" (Nocturalis) EP",nan,NaN,NaN,['neutral'],NaN,NaN,NaN,NaN,NaN,ipfs://bafkreiht2sfhoqojz5bizge6ut6je4n3d2wa54tbcfasvich6kcwy2d5xm,ipfs://bafybeiazhyknt75tqgzqhbiphqkiardm5am7e5tlleb5w36qzsixjf6kuy,710.426,71
Catalog,HOUNDTRACK,HOUNDTRACK,Recharged (feat. Blueout),134,NaN,NaN,"['electronic', 'powerful']",NaN,NaN,NaN,NaN,NaN,ipfs://bafybeiczvaui7gtp6aixprg52t3jnjgmdfqfdi2xdw3jrd66j2f3fchyzm,ipfs://bafybeie72ycbqisbijaabsero7axxjrmc6tbs4p7dofpccykl3gftlutki,163.683,72
Catalog,Ricky Lake,Ricky Lake,Rift,114,NaN,NaN,"['indie', 'indie rock', 'indietronica', 'happy']",NaN,NaN,NaN,NaN,NaN,ipfs://bafybeiamffnxkfgeai3ebehto2dsar26554izy7hsqovex6647ketno75i,ipfs://bafybeiaaqkdsopfy23pqgbefnrw6c2ec4apbnhzlwy2dgrmxuymbpsnkva,113.184,73
Catalog,ATTNWH0RE,ATTNWH0RE,Heaven or Whorehouse,104,NaN,NaN,"['hip hop', 'electronic', 'dark']",NaN,NaN,NaN,NaN,NaN,ipfs://bafybeigkensk4ijjwmxlttvixzv4kgq2g5mitag3ileicfrjlgc4zq5moi,ipfs://bafybeieoiwbjhbtojgrkv3xp2lquw35fsbth7e73zqyn25ok6lhaao6b54,78.237,74
Catalog,AbJo,AbJo,Three (Soulection x St√ºssy Compilation Track),132,NaN,NaN,"['electronic', 'quirky']",NaN,NaN,NaN,NaN,NaN,ipfs://bafybeic6ymrolxe32xjaw7dcpwu4xralsgubwnb4ocrxx3jzuenlsliyse,ipfs://bafybeieut2dcaglyx6qi3nbh2cgccmrelo3ttvoodb6muwdbyp6cn26dxi,241.894,75
Catalog,MJ Cole,MJ Cole,Lay it all on the Line,nan,NaN,NaN,"['breakbeat', 'electronic', 'relaxed']",NaN,NaN,NaN,NaN,NaN,ipfs://bafybeidbvuapjosnbb465243w7pdhobuwneuzsloolt626hsxzo5rde4eu,ipfs://bafybeichfqjaeswglxqtalo4pdj5bqxrzxhondnrsixpwwsey6pbohki7i,278.361,76
Catalog,Matthew Dear,Matthew Dear,Talking Sleep,101,NaN,NaN,"['electronic', 'quirky']",NaN,NaN,NaN,NaN,NaN,ipfs://bafybeiebxi5odeo3nqbzfb64pbuhjvujsitrgrhvt2pm3irlsp45s66rbq,ipfs://bafybeiffwfxx6m6o2gifl2gaa2ivmrydnoebcgnydphhhftpnkfjm6ukna,261.616,77
Catalog,Charm Taylor,Charm Taylor,Shine,163,NaN,NaN,['hip hop'],NaN,NaN,NaN,NaN,NaN,ipfs://bafybeieo7iql22tzld2y2v4cakbegfm7pwjf5aymrzxswz6xxowpmurxza,ipfs://bafybeih2evnivpm4gxw6npk6rftev27zzgdcuy6jzuklrgtqnyykx7ydwq,200.438,78
Catalog,MELVV,MELVV,Hold You,124,NaN,NaN,"['house', 'electronic', 'energetic']",NaN,NaN,NaN,NaN,NaN,ipfs://bafybeibycrvcthnhylnwtmlotnzvr55k6p3t6mq5kvgnuxrpt4xklkr5se,ipfs://bafybeibywebetmkr2fgqyksfiwu7s67zztdhrvh54svniw4c2c3r5f4geq,299.088,79
Catalog,Valentin Hansen,Valentin Hansen,Crisis (The Album),nan,NaN,NaN,['folk'],NaN,NaN,NaN,NaN,NaN,ipfs://bafybeiemqaisaqfjfel5oegowi4lq6lxui3x4thpeid7vfmm4qofne6uce,ipfs://bafybeifdyrvtdq3a4n5t7womlapff7mkydjqwxnpfgr44m2fl3d7tffxku,868.624,80
Catalog,FRQ NCY,FRQ NCY,sit down cus you look tired,149,NaN,NaN,"['dubstep', 'hip hop', 'electronic']",NaN,NaN,NaN,NaN,NaN,ipfs://bafybeicnaiqz5w4fahwzea54z43hstli6czafy7mefcdq4qrom25t4zx7i,ipfs://bafybeicpagm47h2tm7fi6e4jnf7zg5mpdbhjtxuteqxrlomhcfkltlk5xi,180.219,81
Catalog,dot,dot,Super Moon,93,NaN,NaN,"['electronic', 'energetic']",NaN,NaN,NaN,NaN,NaN,ipfs://bafkreictacy43lz6ftnxsjpn5tzoasw2guaa6avgns4otuvrotolb633ia,ipfs://bafybeiev4dtew5s6wwalfnhzhtta465owhbrmjrmuxa5ybihkhj4k6e4wi,243.278,82
Catalog,Alex Purdy,Alex Purdy,divorce (live),134,NaN,NaN,"['pop', 'rock', 'powerful']",NaN,NaN,NaN,NaN,NaN,ipfs://bafybeiaqioa5rzkppmwtqlzmwiiclbnhwmihjxa6lo2u4h6hwmmq4fijg4,ipfs://bafybeifwk35mnjwy6byj6u25lx4qb2u7oqlg3lkpwwf2tmbeuthdpfhk5a,133.59,83
Catalog,FRQ NCY,FRQ NCY,TEST 0,150,NaN,NaN,"['dubstep', 'electronic', 'powerful']",NaN,NaN,NaN,NaN,NaN,ipfs://bafybeiewv4qmb3icoqg4ksknzjy346jepsludiwu6open4l4tqf3z66ffy,ipfs://bafybeibb7xxxtif6a5mmhh2xfyn2nsuznhhej3q34o3zhdkfyo3yaofxsa,169.665,84
Catalog,Dutchyyy,Dutchyyy,Esoteric (f/ C M O),90,NaN,NaN,"['r&b', 'alternative r&b', 'relaxed']",NaN,NaN,NaN,NaN,NaN,ipfs://bafybeihw7ui3gcwjykaohqtf7y4zgd6n53lt4xfxtjqn4okbwsqhnyu3pe,ipfs://bafybeigddn55ip3fppmfjb4kpcequfbvwneneatr5usdqcilocohncparm,173.427,85
Catalog,Dutchyyy,Dutchyyy,The Release (Breathe Easy),nan,NaN,NaN,"['hip hop', 'downtempo', 'electronic', 'relaxed']",NaN,NaN,NaN,NaN,NaN,ipfs://bafybeiheokcp5svmsyos2r2dzdhgxf7dtm3vcppig3ff3tidcgbb7hrtgy,ipfs://bafybeie7ybkbr556xvavlffwyl7safpnl4stjkzawaah643ywlbglaigqm,241.737,86
Catalog,Alex Purdy,Alex Purdy,velveteen,101,NaN,NaN,['pop'],NaN,NaN,NaN,NaN,NaN,ipfs://bafybeicncis7r32ijrlka7ptqlqndn5youo3veglfyqy4dsfg4lgqrgexi,ipfs://bafybeid4olljtqzfa6usfyymt2ehux27u5odje54rmfsymj6bteg2fb2za,191.634,87
Catalog,Prettyboy D-O,Prettyboy D-O,Rodman Style,103,NaN,NaN,"['afrobeat', 'angry']",NaN,NaN,NaN,NaN,NaN,ipfs://bafybeiaxesrg33znaakv3zetpe3evjaahwired7gus46a5xw6ipis3vpze,ipfs://bafybeid4xxkmp2xreqtt6iijhjapjj323xdo3fuyyduvttneuiqonc2cma,159.66,88
Catalog,AbJo,AbJo,ash√©,92,NaN,NaN,['electronic'],NaN,NaN,NaN,NaN,NaN,ipfs://bafybeid62wyy5f3w2leqb4kswnh2ciqv6pyllkolyi5qjjiabpb3nghhbm,ipfs://bafybeibjzvbawinb535ukya47fl6b5px3xwhx5s562gvibe36gafthihle,141.296,89
Catalog,Pozibelle,Pozibelle,Chaos & Night,93,NaN,NaN,"['electronic', 'drum & bass']",NaN,NaN,NaN,NaN,NaN,ipfs://bafybeib3ugy6vhwtjst4iqp5n4zis7n7gppvaphaoubnj6qeg3qlmazj2y,ipfs://bafybeicivf4jnsgr4y7mdj2ibij4bpd7jdfbkoaohanonn54mgu367jtpq,189.466,90
Catalog,FRQ NCY,FRQ NCY,0 - x - 1,134,NaN,NaN,"['breakbeat', 'electronic']",NaN,NaN,NaN,NaN,NaN,ipfs://bafybeibg3ugsylh4qe3qgpyis4lzq3p3e624emsf77bsw34vrubowcpiqq,ipfs://bafybeihitshxbpwj2wd3ar4imdfx44jqdtmuj2lw6pbiszwuqmuetlzm4q,182.753,91
Catalog,bloody white,bloody white,disgust,nan,NaN,NaN,"['rock', 'electronic', 'industrial', 'alternative rock']",NaN,NaN,NaN,NaN,NaN,ipfs://bafybeiah3atrfbwz6jga45fhrnkzkyyrpvx4r4sa7licneusi2tjo32csi,ipfs://bafybeicglixcful3fldjcruleboapkrxzkvilatsiweqnbt6kykt4zi6oe,136.072,92
Catalog,Dutchyyy,Dutchyyy,Yawn of the Gemini,90,NaN,NaN,"['hip hop', 'downtempo', 'electronic', 'relaxed']",NaN,NaN,NaN,NaN,NaN,ipfs://bafybeiheokcp5svmsyos2r2dzdhgxf7dtm3vcppig3ff3tidcgbb7hrtgy,ipfs://bafybeiehde4po4gjinb5jjiknooyztiicmhgvvpkcpm2o2ekiyyrovu7xq,340.402,93
Catalog,Dutchyyy,Dutchyyy,"""Just Be Yourself""",90,NaN,NaN,"['downtempo', 'electronic', 'relaxed']",NaN,NaN,NaN,NaN,NaN,ipfs://bafybeiggtm5ridjhibax2osswmefkqlvwd7vib2yvfrs3rfxxjb46gjqwy,ipfs://bafybeica3edggljjdzgujdplxuva2aqfpkuj2yoyworg5b7tqlr5cq42nu,213.812,94
Catalog,Jon Waltz,Jon Waltz,IDOLS,140,NaN,NaN,['hip hop'],NaN,NaN,NaN,NaN,NaN,ipfs://bafybeiexau6b27dgroflgjsfr4saomgf7t7chexia4fahh6xi3ri6cafdu,ipfs://bafybeibcpqbjvwr42rv7it76h7zlzggu5wcugccplnyyolm3nvr5aygdru,50.625,95
Catalog,Dutchyyy,Dutchyyy,"""The long cold hot take"" (f/ Dutchmassive)",nan,NaN,NaN,"['hip hop', 'alternative hip hop', 'relaxed', 'romantic']",NaN,NaN,NaN,NaN,NaN,ipfs://bafybeid3ys3irwebqf4hyslu46o7425nd6idy3bst66i55npug445vrje4,ipfs://bafybeih7mtq6oqn54rvhn4su7rozbfuwfldf5fekvxthflzn6vnop6lutm,951.066,96
Catalog,IAMNOBODI,IAMNOBODI,Play Your Cards Right,109,NaN,NaN,['electronic'],NaN,NaN,NaN,NaN,NaN,ipfs://bafybeiahjfzq3glz3vw4ctgxrr2e5rpg7lxz7cmiudgmj4wc4ttqq6fl3i,ipfs://bafybeidkvnwep5aw2mqpglmxzxg3fwrhjldtndtn3evladbooif2x3yqoq,167.4,98
Catalog,AbJo,AbJo,og√∫n.,95,NaN,NaN,"['electronic', 'powerful']",NaN,NaN,NaN,NaN,NaN,ipfs://bafybeiaa24fhpnxdybkiuoobme57nqtkaz6d7p5gqjjv52zoynjakhoezu,ipfs://bafybeibns4nu4iqlyme5az4mwqwcc4727onthneopym5t4zeoqupt72ifa,123.246,99
Catalog,XEDRA,XEDRA,INFOMASOCHIST,146,NaN,NaN,"['techno', 'electronic', 'energetic']",NaN,NaN,NaN,NaN,NaN,ipfs://bafybeicyfdsf3ztqm5inkhn7dghnwlzzm737fa2dnahuncgzzv2k2v2w2i,ipfs://bafybeiecowj5kmbnpxkalqhfq32yrnqbvxgfu65hbi3vdselgq5aeo5dy4,180.898,100
Catalog,dot,dot,Dot x Tsu Nami - want u 2 stay,140,NaN,NaN,"['breakbeat', 'electronic', 'energetic']",NaN,NaN,NaN,NaN,NaN,ipfs://bafybeihlzysxj77rmzrc27rtank6rmveqmccb2akddhiem4sxh46sxp7iu,ipfs://bafybeidtixl45x4bj43rvhxd37kl3jvwar4ppb24cdejq5d26aiu55alhy,178.536,101
Catalog,oshi,oshi,INSIDE,88,NaN,NaN,"['hip hop', 'quirky']",NaN,NaN,NaN,NaN,NaN,ipfs://bafkreihe3bokrohaod5mnqyjik6n2l2p6ttk7wwwce4vq5yornoa7idfa4,ipfs://bafybeie2fwjqh5zwalwybywjlnwhssxiwzpswwfidfg7oohxvowfgwgdau,139.154,102
Catalog,DEEGAN,DEEGAN,I AM NOT YOUR FATHER,137,NaN,NaN,"['hip hop', 'quirky']",NaN,NaN,NaN,NaN,NaN,ipfs://bafybeidfcpytuy2g7kdthyi5zqee6figkowt36yvwyd2vnqoyoccko5hlu,ipfs://bafybeia24pslezmhfb3q4j25jeeafqubwjpy3rrglhznrspnv2o7khwe64,119.197,104
Catalog,Jamee Cornelia,Jamee Cornelia,Arby's Type Beat,150,NaN,NaN,"['electronic', 'dark']",NaN,NaN,NaN,NaN,NaN,ipfs://bafkreigx4i72gwrtqj6skocshdyskpfepipy3t7sfdgtgoavizrxmjhneu,ipfs://bafybeibzf4n3da4zsy5kcg6ab53zijvfk37gjrof3nmmdv3uoipkdl5h7u,247.066,105
Catalog,RAMSAY,RAMSAY,Mama Don't Worry!,116,NaN,NaN,"['pop', 'hip hop', 'romantic']",NaN,NaN,NaN,NaN,NaN,ipfs://bafybeic2lsiye3he2krtf256sfb6j5meqnjqyo6bilcr4r4uevnzxqg5uu,ipfs://bafybeic5ubvwjiyspjc6vnyjqflnm4mqgua62ikz2vrvjanewtheuyxx6y,180.062,106
Catalog,malfnktion,malfnktion,violet22,121,NaN,NaN,"['house', 'electronic', 'energetic']",NaN,NaN,NaN,NaN,NaN,ipfs://bafybeihopukmfy2c6xr4hrfs747wqneljh3oudutsp4smtqtfwd7k4jsfy,ipfs://bafybeidiimes3vasl7bkgsks5bcdfjeetqkffiirmhhrhvicnzbaiggj4m,288.052,107
Catalog,AbJo,AbJo,orunmila.,nan,NaN,NaN,"['electronic', 'neutral', 'relaxed']",NaN,NaN,NaN,NaN,NaN,ipfs://bafybeiddheuzaw6cdvpsye73u7w5oyrlnwafp2c3bycwvtka27scocpgqe,ipfs://bafybeibfpv53a3glzyktsckd5wnjebv2rvuxlhda2m3yq36ceil2ch5s2q,159.269,108
Catalog,Pauline Herr ÔΩ°ÔΩ•:*:ÔΩ•Ôæü‚òÜ,Pauline Herr ÔΩ°ÔΩ•:*:ÔΩ•Ôæü‚òÜ,Long Gone,nan,NaN,NaN,"['pop', 'romantic']",NaN,NaN,NaN,NaN,NaN,ipfs://bafybeihxjlljmeejnu6tkdqizauby5367pr2is5i2sayxznsdvry3mpmii,ipfs://bafybeibroozzhzyc6tab73xzlrbcvbyy63tmusb3lg7ogqync4tqzhqoca,220.421,110
Catalog,Pozibelle,Pozibelle,Walk On By,82,NaN,NaN,"['electronic', 'drum & bass']",NaN,NaN,NaN,NaN,NaN,ipfs://QmUJwzcnPrfW6gKmpGGw5nZE5JcMA4wrapip3fpvvu7syL,ipfs://QmcVVnCMUmNCpzKajBduoMNkhyYE7dDx6dmE74DxAB3rY9,204.722,111
Catalog,IAMNOBODI,IAMNOBODI,forever,126,NaN,NaN,"['hip hop', 'quirky', 'powerful']",NaN,NaN,NaN,NaN,NaN,ipfs://bafybeihhr3vgqxwzs7qrjwjlemfe4ybathnwl4ofvp3f5cqrwp4cuuakte,ipfs://bafybeicgkgrd3tnnx6ygztf765xg3afym3sqlm47koqyu457apnfnksxlq,181.968,112
Catalog,Studio Nouveau,Studio Nouveau,Simulation: 3-1,140,NaN,NaN,['electronic'],NaN,NaN,NaN,NaN,NaN,ipfs://QmSFKwWmSHseppH8RdVvUG9ZmsoeLQcrcxtbXSjTYM2jBc,ipfs://QmSWNQdHmNQYbsnTydt7ZtYT8QojnMv6MufoJmvpcNFe13,391.34,113
Catalog,Dutchyyy,Dutchyyy,Greenscape_Probe (EMERGENCY!),160,NaN,NaN,['electronic'],NaN,NaN,NaN,NaN,NaN,ipfs://QmT6bjKZZinygRgDtLGKnk9CFbs5uzPX6suPCCZBWJoSGJ,ipfs://QmWp4PqckqaBdQHNVNaTf8VXN7ZyuJBcHFjkiV9qGiXevm,320.366,114
Catalog,Pauline Herr ÔΩ°ÔΩ•:*:ÔΩ•Ôæü‚òÜ,Pauline Herr ÔΩ°ÔΩ•:*:ÔΩ•Ôæü‚òÜ,Heartless,136,NaN,NaN,"['pop', 'relaxed', 'romantic']",NaN,NaN,NaN,NaN,NaN,ipfs://bafybeiddneq3j3d456qw4otjfbgat5bzbfxa7mzmit374w256sohrtczvi,ipfs://bafybeib7syusg6ryuhqjslh226fqoc5incj2krs7xaizg5mfnssujia4ey,197.642,115
Catalog,HOUNDTRACK,HOUNDTRACK,Havoc,162,NaN,NaN,"['electronic', 'powerful']",NaN,NaN,NaN,NaN,NaN,ipfs://QmSh6vg7QJk9Bk7GG8pfj95eQxebsJXDko39g42Gc61Kio,ipfs://QmQDUavY8uSX6roCV5xe3wXibJafbhtAQWrWSuR6nb2NJo,169.691,116
Catalog,Dutchyyy,Dutchyyy,Where are we headed?,nan,NaN,NaN,['electronic'],NaN,NaN,NaN,NaN,NaN,ipfs://QmfMu3zDC485PCJi7e6AjSvB8NVrHsMGKVLWocnU7u4gpF,ipfs://QmQUnBzug22XSiJtPazhAqNBjLVUhXKkYrMmmjQaj4V2RR,200.856,117
Catalog,cumulus frisbee,cumulus frisbee,Hyperplex,87,NaN,NaN,"['electronic', 'powerful']",NaN,NaN,NaN,NaN,NaN,ipfs://QmZXXrFTzDQS1ReKsZXFihyHMT8Vbd4yPELWxge6m7MjKn,ipfs://QmRPhY7PxeADdVSoQkNzxoNrV37KZURhAX8V8PkVZVGJht,160.052,119
Catalog,Danny Dwyer,Danny Dwyer,Love Thyself (w/ j.robb),81,NaN,NaN,"['r&b', 'soul', 'romantic']",NaN,NaN,NaN,NaN,NaN,ipfs://Qma1nZsGZ2gAnHo9yzrMNFkZYjghE4AzcNJx21fAmN75uq,ipfs://Qmar4QYASbjftqcJKhaqdDmKXjhjuyF5XASxLmVPFrnPih,196.08,120
Catalog,dot,dot,Ambush,126,NaN,NaN,"['house', 'electronic', 'energetic']",NaN,NaN,NaN,NaN,NaN,ipfs://QmaXdziR7yysTRoNqQsqkK3FBvaqPKjA7FxWRggCWrayDa,ipfs://Qmc6Qe1UZ1Aga6DmeDRre36xTQNJuQzTMcvipVAfGWf2Vy,237.087,121
Catalog,Yung.Raj,Yung.Raj,Broken Transmissions,nan,NaN,NaN,"['ambient', 'electronic', 'neutral']",NaN,NaN,NaN,NaN,NaN,ipfs://QmTgPMUNh448y7AxWGqXJmrkeeQYZ2G4HC2safPfs8AcjN,ipfs://QmaYA5e9PStZwsymJM67ZJ9gsuna9PHd64CNopRu2u7fTr,213.055,122
Catalog,MELVV,MELVV,Want It,125,NaN,NaN,"['electronic', 'energetic']",NaN,NaN,NaN,NaN,NaN,ipfs://QmUJMmRxCwzYJVCvXERiJ4gM7ChbzexTJbEkZFdFAv8Vqq,ipfs://QmRGj5P8dU7dWjtvfwscqgVc7ufruKZkvybM1y6JW7Fo53,301.488,123
Catalog,theotheomusic,theotheomusic,RESET,140,NaN,NaN,['electronic'],NaN,NaN,NaN,NaN,NaN,ipfs://QmXfW7NYRz6uXUQ3oYWs5T5hBLJuUFaq5LGshXD2xYLJZE,ipfs://QmWXGLhY7vNUUeK6Xri2C4aRxL9RhQALNoDicMZFi48E6v,157.936,124
Catalog,Dutchyyy,Dutchyyy,Sub(Marine)UnderBrooklyn,NaN,NaN,NaN,NaN,NaN,NaN,NaN,NaN,NaN,ipfs://QmfMu3zDC485PCJi7e6AjSvB8NVrHsMGKVLWocnU7u4gpF,ipfs://QmPFNTxVTY7hFitiKp5M4z9DFTc1Wrc2m4ic4soyoNizMV,240.048,125
Catalog,max fry,max fry,Observatory,NaN,NaN,NaN,NaN,NaN,NaN,NaN,NaN,NaN,ipfs://QmPR56hRP2UxzybGUsgmpbwQcy7ezoPLVNQsvxVhpAtPAB,ipfs://QmNs4u4oCYLsRWdpkaBwkxNg1v7ABz3eYuan6YXfd7G6Us,134.452,126
Catalog,max fry,max fry,nightmares (w/ still haze),NaN,NaN,NaN,NaN,NaN,NaN,NaN,NaN,NaN,ipfs://QmNVUFKARCUkZKaYMU9SkJrfJwKjuagLUG8Nd5L5Y7gcYL,ipfs://QmQnyFnFhzqvJ7BjwoUEri9R7X5QsnFAp3VCNxhrTkcvAG,266.005,127
Catalog,Dutchyyy,Dutchyyy,Tingles,NaN,NaN,NaN,NaN,NaN,NaN,NaN,NaN,NaN,ipfs://QmYkPrBpUPqG8s6hNvtjEjDvVmYB11vMjK9MbTiCNf5TiY,ipfs://Qmef3TfM5Pd8sMH15eH7PepFGPb2Dpm6RCwYPmsHhrz5Zw,222.067,128
Catalog,Dutchyyy,Dutchyyy,AnotherLilCrumble,NaN,NaN,NaN,NaN,NaN,NaN,NaN,NaN,NaN,ipfs://QmYp5Tmj4fViL9muufYEkYE8Hitt3KwwqGdV6uaRBjbwnK,ipfs://QmY4SM6scopRShara4q2etpci9VAVC71KtcVzykGCVAbyN,155.448,129
Catalog,CONNiE DiGiTAL,CONNiE DiGiTAL,TUESDAY,NaN,NaN,NaN,NaN,NaN,NaN,NaN,NaN,NaN,ipfs://QmVxDDLw9Ac2NEnuNypmDv6DM6xV5FJD7u5wnXymFNfeRr,ipfs://QmUWfoqxfaREkLHDh6eLd9tq8PNtppLaj8DApdJoYybvXY,62.76,131
Catalog,Alex Siegel,Alex Siegel,Headspin,NaN,NaN,NaN,NaN,NaN,NaN,NaN,NaN,NaN,ipfs://QmbzFBTYLi8TuUkjMtg42Qrh3ipaM4hBcqBKUP77L6GDtc,ipfs://Qmczqjix1aNosMStmYjBpXaCWfqHtruDwg1935XS4ikk3N,225.802,132
Catalog,Player Dave,Player Dave,Where the Wind Blew Me,NaN,NaN,NaN,NaN,NaN,NaN,NaN,NaN,NaN,ipfs://QmPqFjYscSZKPXbBtuZks8SezbV7Dkwft8g3dweN44K94z,ipfs://QmcF6ETfFmYjbV9PzbrAVfVxhuoCE4pa7y6BzkoSAx4Q9R,1747.801,133
Catalog,max fry,max fry,max fry (from hedsTAPE 04),NaN,NaN,NaN,NaN,NaN,NaN,NaN,NaN,NaN,ipfs://QmRJFYmhFyshpjBvkkb5LMus8RpFX5ynijgMi3SYRjqqi7,ipfs://QmecNMuuiyJUBEvyHPAU1GHgSoRiL7jJTUns56dzWxVoau,62.929,134
Catalog,Th√©o,Th√©o,Azure,NaN,NaN,NaN,NaN,NaN,NaN,NaN,NaN,NaN,ipfs://QmdQ9H4Gmf79ZYiLEkcGM3duvdhUa3HkUD6NyLAG2AuTxx,ipfs://QmaFgc1NNqUdq5qteg84oZ1frX1vhts2CMai8YJ3wCJGWw,186.984,135
Catalog,Oceantied,Oceantied,Swim,NaN,NaN,NaN,NaN,NaN,NaN,NaN,NaN,NaN,ipfs://QmQuhWbp4B3M124iwEBiz7qgutPbUsqrhhECBQDm9qVVb9,ipfs://QmczhdFqTWMndWhcY2j7q1EuTAJpSPcJKXgxmhwP8NYA6A,156.84,136
Catalog,wilter,wilter,coming home,NaN,NaN,NaN,NaN,NaN,NaN,NaN,NaN,NaN,ipfs://QmeizgyYndoCaArffBFQ46NricctGXMqAJtpdz59hXuAqn,ipfs://QmZMJG6fJv65E4jmjRmNZuQHAH6E1cJWZCEzTw7QDNykJx,114.364,137
Catalog,Yung.Raj,Yung.Raj,freewheelin,NaN,NaN,NaN,NaN,NaN,NaN,NaN,NaN,NaN,ipfs://QmNxVYnWZVuDaWvMY2PoAk3arwwpsPJHrVYiss9UfeYRJ2,ipfs://QmUHeFh6F6nnnpbZ4YfLTKNFB7sM2in4YoGhDdUNUpCvHb,118.073,138
Catalog,allem iversom,allem iversom,where it's warm,NaN,NaN,NaN,NaN,NaN,NaN,NaN,NaN,NaN,ipfs://QmQvyszmAVqxiH8Q4UuqkhtYqPpUE3c5bag45ncyp8yaYs,ipfs://QmWUpDX4hbdgTe4DbVnscU5wsxBqCW3sjKmwejvJpeiSM7,183.954,139
Catalog,PEARSON,PEARSON,Smoke Break,NaN,NaN,NaN,NaN,NaN,NaN,NaN,NaN,NaN,ipfs://QmZyoupF1ZWbCjeGT6ACBr3cZcZtXKoBvTo8G4ohYGgRyG,ipfs://Qmc3DvuJ13v6UEbmicaiGwecCNvapQUF8VknP69Kiz6QHc,182.857,140
Catalog,maddeof,maddeof,Baba & Maddeof - Dreaming in Pixels,NaN,NaN,NaN,NaN,NaN,NaN,NaN,NaN,NaN,ipfs://QmQWRv1MD1nxDGuGJoGXoWUkxQXy8UmfsYiBiStXP6BUiN,ipfs://QmcU25c5j15RwmxNs69pzbL99saXPHKvVcDtv7H5sL4hbu,118.753,141
Catalog,PEARSON,PEARSON,Still on Seen,NaN,NaN,NaN,NaN,NaN,NaN,NaN,NaN,NaN,ipfs://QmaXG9VFaxGj8oPFJ3kJZLUhU3uyyjcPWG1qmvEfre7maD,ipfs://QmWaURN9Gk8Y99gDL6fdTcHetBhJ6WyWpkxFG9Uhfta5zy,186.07,142
Catalog,0x-Jitzu,0x-Jitzu,TOKYO,NaN,NaN,NaN,NaN,NaN,NaN,NaN,NaN,NaN,ipfs://QmUYweN2Hm6GRrY46RpGyUq32jUFaaCZZaETmM69JvWLP1,ipfs://QmVdHJdxJ3XL4gFuBAMQUKbLhZwLgqkvrNnEcbbqpBv45W,386.9,143
Catalog,Player Dave,Player Dave,Petal w/ Black Carl!,NaN,NaN,NaN,NaN,NaN,NaN,NaN,NaN,NaN,ipfs://QmVXmqQZ8jvHTocnarTtmcaZSw4XHxtjRz9WyPZwT3wqKp,ipfs://QmVeGkRFobCQCo8a786uXMkhNYtfw9Mcm9atRon2tTBwSB,209.11,144
Catalog,Lackhoney,Lackhoney,"FUNKBRO [FROM THE ""SWEETS"" COLLECTION]",NaN,NaN,NaN,NaN,NaN,NaN,NaN,NaN,NaN,ipfs://QmaYUHZQHu8RtHBrUL8ZqbUJYPKnZmEmRM4mXrSCwCvXMA,ipfs://QmWSwtbf8WpREZd5BqnNC6ZaHGH5Ar2VyqnN2teSYajbxT,30.067,145
Catalog,alec king,alec king,Peanut Butter Cherry,NaN,NaN,NaN,NaN,NaN,NaN,NaN,NaN,NaN,ipfs://QmNUfFjha365k6GguBBzPWtSVkaBsBRnd7L549gZu8XY8q,ipfs://QmNRGQoToeK1UHvfuNNoSTRVK3nDcwnjVEBUfkSyz1uEyf,176.568,146
Catalog,alec king,alec king,Tundra,NaN,NaN,NaN,NaN,NaN,NaN,NaN,NaN,NaN,ipfs://QmXHqsvDVPuQrV5XE693N2uPWnYiFKh4i4nEdaKP536DFT,ipfs://QmfPZPJviksihTm5VMw9TqfGLNkuCKE2WGmP24FyuEVrNw,114.547,147
Catalog,alec king,alec king,Fell In Love 1nce,NaN,NaN,NaN,NaN,NaN,NaN,NaN,NaN,NaN,ipfs://QmUcxgx7fs9jfX43pXNGs2pPGCZJcPfbEau9xXXiVPdk5c,ipfs://QmW44Gpn28o8QbfBCstVjJZKUP46UQ3BPbqiVQv3weszPP,174.341,148
Catalog,bloody white,bloody white,beach day,NaN,NaN,NaN,NaN,NaN,NaN,NaN,NaN,NaN,ipfs://QmWUsyNvZ5z8QSaa2cG6NY5oMFfT57QJF7ES2c4CZgfNt2,ipfs://Qme9UXK7YFRmimaYcUhCBmPzRYzkjb3qDEABwW23FuK9fm,85.055,149
Catalog,bloody white,bloody white,kenopsia,NaN,NaN,NaN,NaN,NaN,NaN,NaN,NaN,NaN,ipfs://QmWUsyNvZ5z8QSaa2cG6NY5oMFfT57QJF7ES2c4CZgfNt2,ipfs://QmQarqqofYsPVPorAoar7FnyAPLDrofT49Wf85NKHTWhiu,56.633,150
Catalog,Lackhoney,Lackhoney,SWEETS [THE ALBUM],NaN,NaN,NaN,NaN,NaN,NaN,NaN,NaN,NaN,ipfs://QmYGCCf1RXAkcZJwUGEiQk3w2KjJBkvPH1jqkzvssqs3ug,ipfs://QmbXyPCgtFWLZbpt75YJ2akqAcc4HVhj2ph1r4MNceZmCJ,360.072,152
Catalog,malfnktion,malfnktion,Heist Track,NaN,NaN,NaN,NaN,NaN,NaN,NaN,NaN,NaN,ipfs://Qmb1An14hxJSH278ENP6xSUQe9tE6VsHj7N43NM3jJNFe6,ipfs://QmP2rSBrHBYEGC6rtD5YpfjmuLUuF6Ngzxgd1Tsh7e8gtj,207.073,153
Catalog,remcycles,remcycles,? {01/10/22},NaN,NaN,NaN,NaN,NaN,NaN,NaN,NaN,NaN,ipfs://QmVbbCzhKWWA97aJLHLumtrntC33ncMzM7FbHVeAAEQueN,ipfs://QmVkAM7rRKnK7EdLFWu7KA6L49kRjRyvzHR1xZUpQMAW8T,93.384,158
Catalog,tyler coolidge,tyler coolidge,PEACH AND BOWSER,NaN,NaN,NaN,NaN,NaN,NaN,NaN,NaN,NaN,ipfs://QmRQwqPG45csUA69mQBpx3JX6qYTVqMiMUY54NZnXZMVMq,ipfs://QmV5HLWAtCxyp2hbnqs8DGs6dBa6jy8tTf1AZNRacSy1DG,281.913,159
Catalog,Pauline Herr ÔΩ°ÔΩ•:*:ÔΩ•Ôæü‚òÜ,Pauline Herr ÔΩ°ÔΩ•:*:ÔΩ•Ôæü‚òÜ,Survive,NaN,NaN,NaN,NaN,NaN,NaN,NaN,NaN,NaN,ipfs://QmVkBHdBDBWoLMYfgzr4M6kPBJMNopErqm75G2S6Rd1QsL,ipfs://Qmaat8TYzU7DMvDyANfEUf1cWQjmv4nmnYTuUV1CGSwd5v,176.901,160
Catalog,dot,dot,Since I Found You,NaN,NaN,NaN,NaN,NaN,NaN,NaN,NaN,NaN,ipfs://QmaXdziR7yysTRoNqQsqkK3FBvaqPKjA7FxWRggCWrayDa,ipfs://QmQ7rWZ9GasLMe4haK4pMgSEw3nziFSdYSFA3QWdZqBCJT,266.789,161
Catalog,FRQ NCY,FRQ NCY,TYPE 1,NaN,NaN,NaN,NaN,NaN,NaN,NaN,NaN,NaN,ipfs://QmSxdarvztW4x1btyiV3ENBHzydPp7VJ4Hn41yQ1w7pvtf,ipfs://QmbhR9igb8waGRKShwa6Pa5ufVx4caCxHqcY8nJk7d7xzT,158.981,162
Catalog,FRQ NCY,FRQ NCY,ECHO,NaN,NaN,NaN,NaN,NaN,NaN,NaN,NaN,NaN,ipfs://QmTSRMtWXoHrDZdBxyE83D2WCPWfVta9Bjhx49YoQXYXVL,ipfs://QmUqkRggM92evfPEgNuWEuUJuGDQ7o4Q6zp27eWUJDKru9,176.431,163
Jadyn Violet / TwinnyTwin,"Jadyn Violet, Twinny Twin",Resurgence,Resurgence,NaN,NaN,Crib Music,NaN,"New Jersey, Arizona",NaN,NaN,NaN,NaN,ipfs://Qmb7aCMTZ1wnZrqnhepF9rr9hBGpme7ghjy5oZgvtP45QJ/2.png,NaN,NaN,NaN